"individual_id","dataset","seed"
"775","training",20260810
"2166","testing",20260810
"2167","testing",20260810
"2465","training",20260810
"3881","training",20260810
"3889","testing",20260810
"3895","testing",20260810
"4248","testing",20260810
"5131","training",20260810
"6387","training",20260810
"12867","training",20260810
"13098","training",20260810
"13302","testing",20260810
"13350","training",20260810
"13396","training",20260810
"13421","training",20260810
"13469","training",20260810
"13569","training",20260810
"13728","testing",20260810
"13767","training",20260810
"13954","training",20260810
"14103","training",20260810
"14431","training",20260810
"15200","training",20260810
"15292","training",20260810
"16004","training",20260810
"16122","training",20260810
"16262","training",20260810
"19627","training",20260810
"19630","training",20260810
"20010","training",20260810
"20424","training",20260810
"20585","training",20260810
"20934","training",20260810
"27001","training",20260810
"30709","training",20260810
"31089","training",20260810
"39359","training",20260810
"41263","training",20260810
"41418","testing",20260810
"41471","training",20260810
"41484","training",20260810
"41542","training",20260810
"41660","training",20260810
"41669","training",20260810
"41686","training",20260810
"41709","testing",20260810
"41761","training",20260810
"41800","testing",20260810
"41804","testing",20260810
"41948","testing",20260810
"42066","training",20260810
"42076","training",20260810
"42083","training",20260810
"42174","training",20260810
"42237","testing",20260810
"42274","training",20260810
"43154","training",20260810
"43789","training",20260810
"60900","training",20260810
"62114","training",20260810
"62150","training",20260810
"62221","testing",20260810
"62256","testing",20260810
"62526","training",20260810
"62576","testing",20260810
"62587","training",20260810
"62603","training",20260810
"62627","training",20260810
"62633","training",20260810
"64869","training",20260810
"64873","training",20260810
"65038","training",20260810
"65315","training",20260810
"67055","training",20260810
"67929","training",20260810
"68052","training",20260810
"68460","training",20260810
"70761","training",20260810
"76718","training",20260810
"77128","training",20260810
"77205","training",20260810
"77230","training",20260810
"77246","testing",20260810
"77310","testing",20260810
"77331","testing",20260810
"77534","training",20260810
"77587","training",20260810
"78690","testing",20260810
"80506","testing",20260810
"80662","training",20260810
"80836","training",20260810
"82710","training",20260810
"83123","training",20260810
"85244","training",20260810
"85331","training",20260810
"85465","training",20260810
"85587","training",20260810
"85599","training",20260810
"85637","training",20260810
"85646","training",20260810
"85676","training",20260810
"85685","training",20260810
"85711","training",20260810
"85741","training",20260810
"85786","testing",20260810
"85888","testing",20260810
"85899","training",20260810
"86162","training",20260810
"86230","training",20260810
"86394","training",20260810
"86490","testing",20260810
"86783","training",20260810
"86954","training",20260810
"87107","testing",20260810
"87507","training",20260810
"88809","testing",20260810
"89242","testing",20260810
"89491","training",20260810
"89762","training",20260810
"92207","testing",20260810
"96413","training",20260810
"96458","testing",20260810
"96495","testing",20260810
"96501","training",20260810
"96619","testing",20260810
"96638","training",20260810
"97120","training",20260810
"97127","training",20260810
"97487","training",20260810
"103122","training",20260810
"106657","training",20260810
"106844","training",20260810
"106875","training",20260810
"107017","training",20260810
"107052","training",20260810
"107059","training",20260810
"107066","training",20260810
"107103","training",20260810
"107131","training",20260810
"108014","training",20260810
"126114","training",20260810
"126308","training",20260810
"126309","training",20260810
"130562","training",20260810
"133128","training",20260810
"143023","training",20260810
"143058","testing",20260810
"143067","training",20260810
"143808","training",20260810
"143844","training",20260810
"143989","training",20260810
"144880","training",20260810
"167864","testing",20260810
"168060","training",20260810
"168154","training",20260810
"168524","training",20260810
"168614","training",20260810
"168912","training",20260810
"168924","training",20260810
"168928","testing",20260810
"168939","training",20260810
"168945","training",20260810
"168979","training",20260810
"169164","testing",20260810
"170744","training",20260810
"170862","testing",20260810
"214589","training",20260810
"217385","training",20260810
"217451","training",20260810
"217562","training",20260810
"217726","testing",20260810
"217743","training",20260810
"217748","training",20260810
"217754","training",20260810
"217777","training",20260810
"218554","training",20260810
"218794","training",20260810
"220384","training",20260810
"220399","training",20260810
"222490","testing",20260810
"222693","training",20260810
"269000","training",20260810
"292703","training",20260810
"292717","training",20260810
"292907","training",20260810
"294614","training",20260810
"294670","training",20260810
"294705","training",20260810
"294724","training",20260810
"294745","training",20260810
"294818","training",20260810
"294834","training",20260810
"294881","training",20260810
"294897","training",20260810
"294910","training",20260810
"294940","training",20260810
"295026","training",20260810
"295091","training",20260810
"295146","training",20260810
"295190","training",20260810
"295191","training",20260810
"295261","training",20260810
"295296","training",20260810
"295788","training",20260810
"305029","training",20260810
"320849","training",20260810
"321131","testing",20260810
"321397","training",20260810
"321487","training",20260810
"321614","testing",20260810
"321822","training",20260810
"321833","training",20260810
"321840","training",20260810
"323172","training",20260810
"326413","training",20260810
"341985","training",20260810
"342090","training",20260810
"342202","training",20260810
"342218","training",20260810
"342231","testing",20260810
"342253","training",20260810
"342263","training",20260810
"342284","training",20260810
"342294","training",20260810
"342325","training",20260810
"342336","training",20260810
"342374","testing",20260810
"343215","testing",20260810
"343376","training",20260810
"345434","training",20260810
"353782","training",20260810
"355408","training",20260810
"355411","testing",20260810
"358060","training",20260810
"358856","training",20260810
"358886","testing",20260810
"359354","training",20260810
"367751","training",20260810
"367789","training",20260810
"368747","testing",20260810
"369564","training",20260810
"369670","training",20260810
"369673","training",20260810
"369679","training",20260810
"369682","training",20260810
"371007","training",20260810
"373045","testing",20260810
"373101","training",20260810
"376770","testing",20260810
"376790","training",20260810
"376804","testing",20260810
"377165","training",20260810
"377191","training",20260810
"377246","training",20260810
"377276","training",20260810
"390604","training",20260810
"390845","training",20260810
"390866","testing",20260810
"391721","testing",20260810
"391994","training",20260810
"392036","training",20260810
"392884","training",20260810
"392956","testing",20260810
"392959","training",20260810
"393017","training",20260810
"393205","training",20260810
"393281","training",20260810
"393298","training",20260810
"412450","training",20260810
"412956","training",20260810
"413235","training",20260810
"413317","training",20260810
"414940","training",20260810
"415066","training",20260810
"415173","training",20260810
"416019","training",20260810
"416396","training",20260810
"418273","training",20260810
"419150","training",20260810
"419152","training",20260810
"419380","training",20260810
"419525","training",20260810
"419528","training",20260810
"420071","training",20260810
"420125","testing",20260810
"420158","training",20260810
"420213","training",20260810
"421018","training",20260810
"421064","training",20260810
"421337","training",20260810
"421340","training",20260810
"421442","training",20260810
"421747","testing",20260810
"421749","training",20260810
"421919","training",20260810
"422005","testing",20260810
"422181","training",20260810
"422212","training",20260810
"422381","testing",20260810
"422983","training",20260810
"423133","training",20260810
"423143","training",20260810
"423200","training",20260810
"423348","training",20260810
"423409","training",20260810
"423671","training",20260810
"423673","testing",20260810
"424673","training",20260810
"424689","training",20260810
"424700","testing",20260810
"424702","testing",20260810
"427258","training",20260810
"427520","testing",20260810
"427650","training",20260810
"427918","training",20260810
"428238","training",20260810
"428988","training",20260810
"429101","training",20260810
"429168","training",20260810
"429247","training",20260810
"429726","training",20260810
"430048","training",20260810
"430154","training",20260810
"430174","training",20260810
"430390","testing",20260810
"430433","training",20260810
"431424","training",20260810
"431742","testing",20260810
"432043","training",20260810
"433740","training",20260810
"433924","testing",20260810
"434148","training",20260810
"438163","testing",20260810
"438273","training",20260810
"438323","training",20260810
"438760","training",20260810
"438770","training",20260810
"443483","training",20260810
"447647","training",20260810
"450448","training",20260810
"450770","testing",20260810
"454059","training",20260810
"455538","training",20260810
"457982","training",20260810
"458835","training",20260810
"460142","training",20260810
"460689","training",20260810
"460693","training",20260810
"460960","testing",20260810
"464211","training",20260810
"471420","training",20260810
"471785","training",20260810
"480143","training",20260810
"480914","training",20260810
"512731","training",20260810
"520702","training",20260810
"536162","training",20260810
"601577","training",20260810
"609307","training",20260810
"609368","training",20260810
"609448","training",20260810
"623960","training",20260810
"624629","testing",20260810
"625454","training",20260810
"653215","training",20260810
"664062","training",20260810
"665788","training",20260810
"669426","training",20260810
"670602","training",20260810
"673831","training",20260810
"675238","training",20260810
"692864","training",20260810
"692876","training",20260810
"692904","testing",20260810
"701166","training",20260810
"730613","training",20260810
"743023","testing",20260810
"743034","training",20260810
"770285","training",20260810
"770505","training",20260810
"784135","training",20260810
"835884","training",20260810
"855168","training",20260810
"855587","training",20260810
"876108","training",20260810
"877657","training",20260810
"878573","training",20260810
"897095","training",20260810
"900613","testing",20260810
"904516","training",20260810
"909641","training",20260810
"909658","training",20260810
"916978","training",20260810
"934019","training",20260810
"984151","training",20260810
"1047493","training",20260810
"1058137","training",20260810
"1064007","testing",20260810
"1066175","testing",20260810
"1066279","training",20260810
"1066569","training",20260810
"1079616","training",20260810
"1081265","training",20260810
"1082612","testing",20260810
"1093268","testing",20260810
"1101307","testing",20260810
"1127595","training",20260810
"1193118","training",20260810
"1195398","training",20260810
"1210458","training",20260810
"1290408","training",20260810
"1290414","training",20260810
"1291472","training",20260810
"1291474","training",20260810
"1291739","training",20260810
"1293839","testing",20260810
"1295300","testing",20260810
"1295736","training",20260810
"1295755","training",20260810
"1296234","training",20260810
"1296766","training",20260810
"1298199","training",20260810
"1298205","testing",20260810
"1298211","training",20260810
"1300939","training",20260810
"1301796","testing",20260810
"1301798","training",20260810
"1301800","training",20260810
"1301802","training",20260810
"1301936","training",20260810
"1302304","training",20260810
"1302311","training",20260810
"1306534","training",20260810
"1311265","training",20260810
"1342417","training",20260810
"1343502","testing",20260810
"1360815","training",20260810
"1390242","testing",20260810
"1390246","training",20260810
"1393230","training",20260810
"1399978","testing",20260810
"1402346","training",20260810
"1410845","training",20260810
"1437563","training",20260810
"1439621","training",20260810
"1477928","training",20260810
"1477994","training",20260810
"1478078","training",20260810
"1478148","training",20260810
"1491661","testing",20260810
"1500224","training",20260810
"1504972","training",20260810
"1507236","training",20260810
"1507248","training",20260810
"1541043","training",20260810
"1541045","training",20260810
"1542708","training",20260810
"1563726","training",20260810
"1563730","training",20260810
"1586793","training",20260810
"1630947","training",20260810
"1630957","training",20260810
"1635496","training",20260810
"1635819","testing",20260810
"1636202","training",20260810
"1636586","testing",20260810
"1637606","testing",20260810
"1637620","testing",20260810
"1642335","training",20260810
"1642433","training",20260810
"1642486","training",20260810
"1649008","testing",20260810
"1651705","training",20260810
"1671942","training",20260810
"1671946","training",20260810
"1672866","training",20260810
"1673085","training",20260810
"1700001","testing",20260810
"1766332","training",20260810
"1766345","training",20260810
"1766370","training",20260810
"1790751","training",20260810
"1796426","training",20260810
"1799716","testing",20260810
"1812547","training",20260810
"1815932","training",20260810
"1815954","training",20260810
"1816016","testing",20260810
"1816173","training",20260810
"1817540","training",20260810
"1823515","training",20260810
"1831374","training",20260810
"1838323","testing",20260810
"1982528","training",20260810
"1987795","training",20260810
"2011449","training",20260810
"2031157","training",20260810
"2099196","training",20260810
"2114149","testing",20260810
"2117143","training",20260810
"2151597","testing",20260810
"2151603","training",20260810
"2163595","testing",20260810
"2163596","testing",20260810
"2163607","training",20260810
"2200733","testing",20260810
"2201662","training",20260810
"2201664","training",20260810
"2430154","training",20260810
"2448313","training",20260810
"2448314","training",20260810
"2448315","training",20260810
"2450184","training",20260810
"2460025","training",20260810
"2464236","testing",20260810
"2464628","training",20260810
"2464631","training",20260810
"2484301","training",20260810
"2484313","training",20260810
"2484320","training",20260810
"2485043","training",20260810
"2485050","training",20260810
"2485148","training",20260810
"2485260","testing",20260810
"2485890","testing",20260810
"2485913","training",20260810
"2485915","training",20260810
"2485920","training",20260810
"2487807","training",20260810
"2586622","training",20260810
"2588632","training",20260810
"2588634","training",20260810
"2588696","training",20260810
"2600794","testing",20260810
"2601500","training",20260810
"2620837","training",20260810
"2621094","training",20260810
"2621166","testing",20260810
"2668072","training",20260810
"2668073","training",20260810
"3578390","training",20260810
"3578468","training",20260810
"3822784","testing",20260810
"3825284","testing",20260810
"3825285","training",20260810
"3826177","testing",20260810
"3826178","testing",20260810
"3826179","testing",20260810
"3827748","training",20260810
"3827757","training",20260810
"3827759","testing",20260810
"3827762","training",20260810
"3827768","testing",20260810
"3827770","testing",20260810
"3827771","training",20260810
"3827774","training",20260810
"3830032","training",20260810
"3830034","training",20260810
"3830068","training",20260810
"3830069","training",20260810
"3830083","training",20260810
"3830109","training",20260810
"3830114","training",20260810
"3830128","testing",20260810
"3830130","training",20260810
"3830162","training",20260810
"3830165","training",20260810
"3830167","training",20260810
"3830184","training",20260810
"3830198","training",20260810
"3830201","training",20260810
"3830206","training",20260810
"3831054","training",20260810
"3848142","training",20260810
"3848815","testing",20260810
"3849968","training",20260810
"3854950","training",20260810
"3855090","training",20260810
"3855110","testing",20260810
"3855646","testing",20260810
"3855675","training",20260810
"3863169","training",20260810
"3863186","testing",20260810
"3864287","training",20260810
"3865255","training",20260810
"3868700","testing",20260810
"3868812","training",20260810
"4057141","training",20260810
"4057142","testing",20260810
"4057151","training",20260810
"4057155","training",20260810
"4059217","training",20260810
"4059227","testing",20260810
"4062993","testing",20260810
"4066585","testing",20260810
"4069736","training",20260810
"4069854","training",20260810
"4937014","training",20260810
