"repeat","fold","model","n_training","n_testing","predictive_correlation","rmse","mae","genetic_variance","residual_variance","variance_ratio","lambda"
1,1,"PBLUP",479,120,0.52076200966961,0.876325761783401,0.728562335340121,0.235842760318023,0.636590644383329,0.270327521902667,2.69921639114517
1,1,"ssGBLUP",479,120,0.579934121103021,0.835899408494901,0.709589363569539,0.306049650178619,0.598799127686461,0.338232926501508,1.9565424346572
1,2,"PBLUP",479,120,0.295723855815487,1.01039805393786,0.800590983471474,0.409874136842725,0.39501668071891,0.509229485415689,0.963751174352541
1,2,"ssGBLUP",479,120,0.448391754675789,0.93150512071964,0.722594223777098,0.428002155319959,0.439461168570644,0.493395102170262,1.02677326062089
1,3,"PBLUP",479,120,0.484508334743147,0.860085957196417,0.685089581417399,0.263803332860092,0.608467227176887,0.302432920410507,2.30651834675488
1,3,"ssGBLUP",479,120,0.499779416425553,0.850811155103205,0.664638682876208,0.350196250877787,0.550954976698457,0.388609858324981,1.57327491461561
1,4,"PBLUP",479,120,0.365820677132417,0.880439554181218,0.660268229043932,0.284318417013931,0.579941785352188,0.328973168306884,2.03976158647427
1,4,"ssGBLUP",479,120,0.303031655239198,0.938847856201124,0.712466932679418,0.469919287557069,0.43080640956919,0.521711869724972,0.916766817145957
1,5,"PBLUP",480,119,0.448399434550485,0.935524543017932,0.725292313659626,0.23782073990728,0.604632230312515,0.282295568196802,2.5423864653194
1,5,"ssGBLUP",480,119,0.493864126867687,0.90985961819154,0.722319470936571,0.3100104121095,0.558194956935181,0.357070369710586,1.80056841683762
2,1,"PBLUP",479,120,0.47762319209322,0.936945438421594,0.767100129482806,0.217195337745616,0.625878729972458,0.257623079705788,2.8816398016126
2,1,"ssGBLUP",479,120,0.549804000710931,0.901413913658036,0.739552844717698,0.294424800349704,0.572817782386387,0.339495322543796,1.94554868240047
2,2,"PBLUP",479,120,0.501190585092619,0.933222263707409,0.728747048734508,0.25099587514861,0.587422094750583,0.29936843455155,2.34036553151633
2,2,"ssGBLUP",479,120,0.563118635949857,0.891830102545008,0.704000941842438,0.307030798256183,0.570281269597865,0.349967599336912,1.85740737683921
2,3,"PBLUP",479,120,0.428334117945146,0.961000950996627,0.762234064018052,0.284334339725496,0.53837332847203,0.345607985335114,1.89345166324894
2,3,"ssGBLUP",479,120,0.43617449195035,0.951013610568101,0.762050717778686,0.344997199363038,0.511439210819847,0.402828739251484,1.48244452930084
2,4,"PBLUP",479,120,0.261764593239774,0.847114960423018,0.653702384474104,0.343924028636278,0.538274332785758,0.389848863561591,1.56509661427297
2,4,"ssGBLUP",479,120,0.25027733834725,0.875447855504171,0.672140430943391,0.475833663936806,0.445322422951109,0.516561384883629,0.935878347208008
2,5,"PBLUP",480,119,0.455163366119861,0.87539603020709,0.693375847500973,0.276010078178508,0.589559703951031,0.318876749023571,2.13600788725453
2,5,"ssGBLUP",480,119,0.418683316989431,0.901331483582038,0.7133425850342,0.39364619821412,0.503773728516753,0.438642141197039,1.27976271789809
3,1,"PBLUP",479,120,0.314035708596173,0.965202385232492,0.76284297917148,0.352786342544197,0.460646533870099,0.433700619649551,1.30573800149984
3,1,"ssGBLUP",479,120,0.265692898416491,0.996161489895858,0.794636518264815,0.487024057939567,0.38353102067019,0.559440832528742,0.787499127441013
3,2,"PBLUP",479,120,0.40035029741069,0.950224503853407,0.758172678195714,0.255346888028936,0.580363868506137,0.305544575120255,2.27284488558314
3,2,"ssGBLUP",479,120,0.477164151041148,0.91946833970814,0.732323111367596,0.305474919101939,0.563364192827241,0.35158974188404,1.84422405113803
3,3,"PBLUP",479,120,0.488895880326655,0.872939118186665,0.695439848738102,0.241925236631368,0.625445463843188,0.278917925748478,2.58528408425702
3,3,"ssGBLUP",479,120,0.502394490369257,0.854482589475507,0.675167921110838,0.34060251975428,0.554969370462215,0.380318457373582,1.62937541055946
3,4,"PBLUP",479,120,0.462391935770779,0.852362362851248,0.688883012880874,0.273774854935575,0.608740651907445,0.310221013469708,2.22350826211083
3,4,"ssGBLUP",479,120,0.529304368221012,0.823375148005709,0.670398055892825,0.340931245403507,0.575616645986789,0.37197319267884,1.68836577388359
3,5,"PBLUP",480,119,0.496346985538117,0.911332024804459,0.704960135649006,0.256500588004367,0.599615673671475,0.299609526750805,2.33767757936393
3,5,"ssGBLUP",480,119,0.458986944731959,0.905647667293644,0.715919996207762,0.382355735738602,0.501918544178973,0.432394953039053,1.31270044428498
4,1,"PBLUP",479,120,0.450365582184382,0.892254038153721,0.690913113423208,0.270096718126216,0.595077624037219,0.312187619261591,2.20320197951883
4,1,"ssGBLUP",479,120,0.505749405487865,0.856918419764606,0.676106447891823,0.31454826523332,0.580994544486636,0.35123755315693,1.84707597753139
4,2,"PBLUP",479,120,0.44010043375814,0.909602480077697,0.71662732699614,0.214250879082697,0.650155577797332,0.247858952669106,3.03455267292688
4,2,"ssGBLUP",479,120,0.536579642348808,0.853036711745162,0.681330737582921,0.309542855535097,0.583141744370326,0.346755007947815,1.88388048356751
4,3,"PBLUP",479,120,0.437572642426573,0.913861284742706,0.750355533890324,0.280805947485147,0.565779765690015,0.33169228244116,2.01484253007121
4,3,"ssGBLUP",479,120,0.385526461981885,0.936081462231259,0.754487948959715,0.395158448355349,0.475518212407975,0.453852120038354,1.20336086546317
4,4,"PBLUP",479,120,0.419974715081185,0.940366652970805,0.728203123918682,0.310443878281759,0.515471772641517,0.375878430121429,1.66043465084428
4,4,"ssGBLUP",479,120,0.474882983765778,0.91208947037274,0.711108672559361,0.374692177914781,0.494955793350023,0.430855001443669,1.32096644265308
4,5,"PBLUP",480,119,0.398708279991531,0.876559491953629,0.708902634462491,0.283360841176883,0.574957404842421,0.330134938283148,2.02906443407794
4,5,"ssGBLUP",480,119,0.453024709776519,0.850463506188381,0.673714467059229,0.380997871170578,0.518965370343573,0.423348258679504,1.36212144374745
5,1,"PBLUP",479,120,0.412044041888097,0.870868912339819,0.704393581270257,0.2626768019339,0.610928758269474,0.300681238650483,2.32578116442581
5,1,"ssGBLUP",479,120,0.452421711873327,0.852724906221352,0.698191086735069,0.324131133797216,0.574123145708397,0.360845632681665,1.77126812528778
5,2,"PBLUP",479,120,0.451594951608983,0.956291678317716,0.757830015377881,0.30435000933893,0.507404596924385,0.374928589244378,1.6671745732044
5,2,"ssGBLUP",479,120,0.44098836402312,0.950352494602592,0.735846691420141,0.376315524371645,0.477182553279317,0.440909633220685,1.26803844746
5,3,"PBLUP",479,120,0.445654793445006,0.871993225371879,0.673012692906018,0.277445232330655,0.591787508833518,0.319184056457733,2.13298856809417
5,3,"ssGBLUP",479,120,0.57011251576936,0.80945041206153,0.62665802563979,0.351231986162946,0.567977027282539,0.382102417432155,1.61709938063283
5,4,"PBLUP",479,120,0.430334846369051,0.932134583949598,0.731317858927625,0.259551699429338,0.582497583810744,0.308238133557482,2.24424492342546
5,4,"ssGBLUP",479,120,0.428654976363428,0.930946139628256,0.731091469436293,0.45261214070011,0.425700353400529,0.515320166501296,0.940541172276216
5,5,"PBLUP",480,119,0.383856722279373,0.913633570301423,0.711027405353626,0.270035864044121,0.585306483962829,0.315705009430828,2.16751388203456
5,5,"ssGBLUP",480,119,0.416190867194787,0.8945212523858,0.715670396495626,0.331876619181083,0.554350581091813,0.374482547002493,1.67035141692022
