"individual_id","repeat","fold","seed"
"103122",1,1,20260811
"1058137",1,1,20260811
"106657",1,1,20260811
"106844",1,1,20260811
"107017",1,1,20260811
"107103",1,1,20260811
"107131",1,1,20260811
"1101307",1,1,20260811
"126309",1,1,20260811
"12867",1,1,20260811
"1291472",1,1,20260811
"1298211",1,1,20260811
"1301796",1,1,20260811
"1301800",1,1,20260811
"1302311",1,1,20260811
"130562",1,1,20260811
"1306534",1,1,20260811
"13350",1,1,20260811
"13421",1,1,20260811
"1343502",1,1,20260811
"1393230",1,1,20260811
"1410845",1,1,20260811
"1477928",1,1,20260811
"1478078",1,1,20260811
"1504972",1,1,20260811
"15200",1,1,20260811
"1635819",1,1,20260811
"1642433",1,1,20260811
"1671946",1,1,20260811
"1673085",1,1,20260811
"170862",1,1,20260811
"1816016",1,1,20260811
"1982528",1,1,20260811
"2031157",1,1,20260811
"20585",1,1,20260811
"2163595",1,1,20260811
"217385",1,1,20260811
"217562",1,1,20260811
"217754",1,1,20260811
"217777",1,1,20260811
"218554",1,1,20260811
"2201664",1,1,20260811
"2430154",1,1,20260811
"2600794",1,1,20260811
"2621094",1,1,20260811
"292703",1,1,20260811
"295190",1,1,20260811
"295296",1,1,20260811
"31089",1,1,20260811
"342263",1,1,20260811
"342284",1,1,20260811
"355411",1,1,20260811
"358886",1,1,20260811
"367751",1,1,20260811
"369670",1,1,20260811
"369682",1,1,20260811
"371007",1,1,20260811
"376770",1,1,20260811
"377165",1,1,20260811
"3825285",1,1,20260811
"3826179",1,1,20260811
"3827759",1,1,20260811
"3830032",1,1,20260811
"3830128",1,1,20260811
"3830162",1,1,20260811
"3830167",1,1,20260811
"3830198",1,1,20260811
"3848815",1,1,20260811
"3863169",1,1,20260811
"3868700",1,1,20260811
"392884",1,1,20260811
"4059217",1,1,20260811
"4066585",1,1,20260811
"414940",1,1,20260811
"41542",1,1,20260811
"416396",1,1,20260811
"419525",1,1,20260811
"420213",1,1,20260811
"421018",1,1,20260811
"422212",1,1,20260811
"422381",1,1,20260811
"423348",1,1,20260811
"423671",1,1,20260811
"424700",1,1,20260811
"427650",1,1,20260811
"430048",1,1,20260811
"433924",1,1,20260811
"43789",1,1,20260811
"438273",1,1,20260811
"443483",1,1,20260811
"450770",1,1,20260811
"454059",1,1,20260811
"460142",1,1,20260811
"460693",1,1,20260811
"464211",1,1,20260811
"480914",1,1,20260811
"520702",1,1,20260811
"609448",1,1,20260811
"62114",1,1,20260811
"62587",1,1,20260811
"62603",1,1,20260811
"65038",1,1,20260811
"665788",1,1,20260811
"670602",1,1,20260811
"692876",1,1,20260811
"692904",1,1,20260811
"77128",1,1,20260811
"77331",1,1,20260811
"85637",1,1,20260811
"85741",1,1,20260811
"86490",1,1,20260811
"87507",1,1,20260811
"876108",1,1,20260811
"89491",1,1,20260811
"897095",1,1,20260811
"89762",1,1,20260811
"916978",1,1,20260811
"96458",1,1,20260811
"96619",1,1,20260811
"97120",1,1,20260811
"1047493",1,2,20260811
"108014",1,2,20260811
"1082612",1,2,20260811
"1127595",1,2,20260811
"126308",1,2,20260811
"1291739",1,2,20260811
"1293839",1,2,20260811
"1295755",1,2,20260811
"1301936",1,2,20260811
"13098",1,2,20260811
"1311265",1,2,20260811
"13302",1,2,20260811
"13469",1,2,20260811
"1360815",1,2,20260811
"1390242",1,2,20260811
"143023",1,2,20260811
"143989",1,2,20260811
"1507248",1,2,20260811
"1541045",1,2,20260811
"16122",1,2,20260811
"1635496",1,2,20260811
"1649008",1,2,20260811
"167864",1,2,20260811
"168060",1,2,20260811
"168924",1,2,20260811
"168928",1,2,20260811
"168939",1,2,20260811
"168979",1,2,20260811
"169164",1,2,20260811
"1766370",1,2,20260811
"1815932",1,2,20260811
"1815954",1,2,20260811
"19630",1,2,20260811
"20424",1,2,20260811
"217743",1,2,20260811
"2200733",1,2,20260811
"2201662",1,2,20260811
"220384",1,2,20260811
"222693",1,2,20260811
"2464236",1,2,20260811
"2484320",1,2,20260811
"2485050",1,2,20260811
"2485260",1,2,20260811
"2485890",1,2,20260811
"2487807",1,2,20260811
"2668072",1,2,20260811
"269000",1,2,20260811
"292907",1,2,20260811
"294705",1,2,20260811
"294897",1,2,20260811
"295026",1,2,20260811
"295146",1,2,20260811
"295261",1,2,20260811
"321131",1,2,20260811
"321397",1,2,20260811
"342294",1,2,20260811
"358060",1,2,20260811
"359354",1,2,20260811
"367789",1,2,20260811
"368747",1,2,20260811
"369673",1,2,20260811
"373045",1,2,20260811
"3825284",1,2,20260811
"3826177",1,2,20260811
"3826178",1,2,20260811
"3827748",1,2,20260811
"3830109",1,2,20260811
"3830165",1,2,20260811
"3848142",1,2,20260811
"3863186",1,2,20260811
"3865255",1,2,20260811
"3889",1,2,20260811
"391721",1,2,20260811
"392959",1,2,20260811
"39359",1,2,20260811
"4057141",1,2,20260811
"4057142",1,2,20260811
"4059227",1,2,20260811
"4062993",1,2,20260811
"4069736",1,2,20260811
"412450",1,2,20260811
"413235",1,2,20260811
"415066",1,2,20260811
"415173",1,2,20260811
"41761",1,2,20260811
"41804",1,2,20260811
"42066",1,2,20260811
"42083",1,2,20260811
"421747",1,2,20260811
"423133",1,2,20260811
"423200",1,2,20260811
"424702",1,2,20260811
"4248",1,2,20260811
"427258",1,2,20260811
"429247",1,2,20260811
"431742",1,2,20260811
"432043",1,2,20260811
"433740",1,2,20260811
"480143",1,2,20260811
"4937014",1,2,20260811
"62526",1,2,20260811
"653215",1,2,20260811
"67055",1,2,20260811
"675238",1,2,20260811
"67929",1,2,20260811
"770505",1,2,20260811
"775",1,2,20260811
"77587",1,2,20260811
"80506",1,2,20260811
"80836",1,2,20260811
"855587",1,2,20260811
"85587",1,2,20260811
"86394",1,2,20260811
"86954",1,2,20260811
"92207",1,2,20260811
"96413",1,2,20260811
"96501",1,2,20260811
"97127",1,2,20260811
"97487",1,2,20260811
"984151",1,2,20260811
"1064007",1,3,20260811
"1066175",1,3,20260811
"1081265",1,3,20260811
"1193118",1,3,20260811
"1195398",1,3,20260811
"126114",1,3,20260811
"1296234",1,3,20260811
"1298205",1,3,20260811
"1301802",1,3,20260811
"133128",1,3,20260811
"13396",1,3,20260811
"1342417",1,3,20260811
"13728",1,3,20260811
"13954",1,3,20260811
"1399978",1,3,20260811
"1402346",1,3,20260811
"143067",1,3,20260811
"1437563",1,3,20260811
"1477994",1,3,20260811
"1478148",1,3,20260811
"1491661",1,3,20260811
"1541043",1,3,20260811
"1563730",1,3,20260811
"16004",1,3,20260811
"1630947",1,3,20260811
"1630957",1,3,20260811
"1636586",1,3,20260811
"1637620",1,3,20260811
"1651705",1,3,20260811
"1671942",1,3,20260811
"1672866",1,3,20260811
"168154",1,3,20260811
"168614",1,3,20260811
"168912",1,3,20260811
"170744",1,3,20260811
"1796426",1,3,20260811
"1799716",1,3,20260811
"1838323",1,3,20260811
"20010",1,3,20260811
"20934",1,3,20260811
"2114149",1,3,20260811
"2117143",1,3,20260811
"2163607",1,3,20260811
"2166",1,3,20260811
"217451",1,3,20260811
"217726",1,3,20260811
"217748",1,3,20260811
"222490",1,3,20260811
"2460025",1,3,20260811
"2465",1,3,20260811
"2485043",1,3,20260811
"2485915",1,3,20260811
"2588634",1,3,20260811
"2621166",1,3,20260811
"27001",1,3,20260811
"292717",1,3,20260811
"294724",1,3,20260811
"294834",1,3,20260811
"294881",1,3,20260811
"295191",1,3,20260811
"295788",1,3,20260811
"30709",1,3,20260811
"342253",1,3,20260811
"345434",1,3,20260811
"3578468",1,3,20260811
"369564",1,3,20260811
"376804",1,3,20260811
"377276",1,3,20260811
"3822784",1,3,20260811
"3827762",1,3,20260811
"3827768",1,3,20260811
"3830034",1,3,20260811
"3830069",1,3,20260811
"3830184",1,3,20260811
"3830201",1,3,20260811
"3830206",1,3,20260811
"3849968",1,3,20260811
"3855090",1,3,20260811
"3855110",1,3,20260811
"3881",1,3,20260811
"390604",1,3,20260811
"391994",1,3,20260811
"392036",1,3,20260811
"393205",1,3,20260811
"393281",1,3,20260811
"393298",1,3,20260811
"4057151",1,3,20260811
"416019",1,3,20260811
"41709",1,3,20260811
"418273",1,3,20260811
"419528",1,3,20260811
"421749",1,3,20260811
"422983",1,3,20260811
"423409",1,3,20260811
"430154",1,3,20260811
"43154",1,3,20260811
"438163",1,3,20260811
"438323",1,3,20260811
"447647",1,3,20260811
"457982",1,3,20260811
"458835",1,3,20260811
"5131",1,3,20260811
"601577",1,3,20260811
"62221",1,3,20260811
"624629",1,3,20260811
"62627",1,3,20260811
"62633",1,3,20260811
"64873",1,3,20260811
"673831",1,3,20260811
"68460",1,3,20260811
"692864",1,3,20260811
"730613",1,3,20260811
"76718",1,3,20260811
"77230",1,3,20260811
"77246",1,3,20260811
"83123",1,3,20260811
"85676",1,3,20260811
"86162",1,3,20260811
"86230",1,3,20260811
"934019",1,3,20260811
"1066279",1,4,20260811
"1066569",1,4,20260811
"107066",1,4,20260811
"1093268",1,4,20260811
"1210458",1,4,20260811
"1295736",1,4,20260811
"1296766",1,4,20260811
"1298199",1,4,20260811
"1300939",1,4,20260811
"1390246",1,4,20260811
"14103",1,4,20260811
"143808",1,4,20260811
"1439621",1,4,20260811
"144880",1,4,20260811
"1500224",1,4,20260811
"1636202",1,4,20260811
"1637606",1,4,20260811
"1642486",1,4,20260811
"168524",1,4,20260811
"1700001",1,4,20260811
"1766332",1,4,20260811
"1766345",1,4,20260811
"1823515",1,4,20260811
"1831374",1,4,20260811
"19627",1,4,20260811
"2011449",1,4,20260811
"2099196",1,4,20260811
"214589",1,4,20260811
"2151597",1,4,20260811
"2151603",1,4,20260811
"2163596",1,4,20260811
"220399",1,4,20260811
"2464628",1,4,20260811
"2464631",1,4,20260811
"2484313",1,4,20260811
"2485913",1,4,20260811
"2485920",1,4,20260811
"2588696",1,4,20260811
"2601500",1,4,20260811
"2620837",1,4,20260811
"2668073",1,4,20260811
"294614",1,4,20260811
"294670",1,4,20260811
"294818",1,4,20260811
"294910",1,4,20260811
"294940",1,4,20260811
"295091",1,4,20260811
"305029",1,4,20260811
"321614",1,4,20260811
"321840",1,4,20260811
"323172",1,4,20260811
"341985",1,4,20260811
"342090",1,4,20260811
"343376",1,4,20260811
"353782",1,4,20260811
"355408",1,4,20260811
"3578390",1,4,20260811
"373101",1,4,20260811
"3827757",1,4,20260811
"3827770",1,4,20260811
"3827774",1,4,20260811
"3830068",1,4,20260811
"3864287",1,4,20260811
"3868812",1,4,20260811
"3895",1,4,20260811
"390866",1,4,20260811
"392956",1,4,20260811
"412956",1,4,20260811
"413317",1,4,20260811
"41471",1,4,20260811
"41669",1,4,20260811
"419152",1,4,20260811
"420071",1,4,20260811
"420158",1,4,20260811
"421919",1,4,20260811
"42237",1,4,20260811
"423673",1,4,20260811
"428238",1,4,20260811
"429101",1,4,20260811
"429168",1,4,20260811
"429726",1,4,20260811
"430390",1,4,20260811
"431424",1,4,20260811
"434148",1,4,20260811
"438760",1,4,20260811
"438770",1,4,20260811
"450448",1,4,20260811
"471420",1,4,20260811
"471785",1,4,20260811
"512731",1,4,20260811
"60900",1,4,20260811
"609307",1,4,20260811
"62150",1,4,20260811
"623960",1,4,20260811
"664062",1,4,20260811
"68052",1,4,20260811
"701166",1,4,20260811
"743023",1,4,20260811
"743034",1,4,20260811
"770285",1,4,20260811
"77310",1,4,20260811
"77534",1,4,20260811
"78690",1,4,20260811
"80662",1,4,20260811
"82710",1,4,20260811
"835884",1,4,20260811
"85331",1,4,20260811
"85465",1,4,20260811
"855168",1,4,20260811
"85646",1,4,20260811
"85711",1,4,20260811
"85888",1,4,20260811
"87107",1,4,20260811
"877657",1,4,20260811
"878573",1,4,20260811
"88809",1,4,20260811
"904516",1,4,20260811
"909641",1,4,20260811
"909658",1,4,20260811
"96495",1,4,20260811
"106875",1,5,20260811
"107052",1,5,20260811
"107059",1,5,20260811
"1079616",1,5,20260811
"1290408",1,5,20260811
"1290414",1,5,20260811
"1291474",1,5,20260811
"1295300",1,5,20260811
"1301798",1,5,20260811
"1302304",1,5,20260811
"13569",1,5,20260811
"13767",1,5,20260811
"143058",1,5,20260811
"143844",1,5,20260811
"14431",1,5,20260811
"1507236",1,5,20260811
"15292",1,5,20260811
"1542708",1,5,20260811
"1563726",1,5,20260811
"1586793",1,5,20260811
"16262",1,5,20260811
"1642335",1,5,20260811
"168945",1,5,20260811
"1790751",1,5,20260811
"1812547",1,5,20260811
"1816173",1,5,20260811
"1817540",1,5,20260811
"1987795",1,5,20260811
"2167",1,5,20260811
"218794",1,5,20260811
"2448313",1,5,20260811
"2448314",1,5,20260811
"2448315",1,5,20260811
"2450184",1,5,20260811
"2484301",1,5,20260811
"2485148",1,5,20260811
"2586622",1,5,20260811
"2588632",1,5,20260811
"294745",1,5,20260811
"320849",1,5,20260811
"321487",1,5,20260811
"321822",1,5,20260811
"321833",1,5,20260811
"326413",1,5,20260811
"342202",1,5,20260811
"342218",1,5,20260811
"342231",1,5,20260811
"342325",1,5,20260811
"342336",1,5,20260811
"342374",1,5,20260811
"343215",1,5,20260811
"358856",1,5,20260811
"369679",1,5,20260811
"376790",1,5,20260811
"377191",1,5,20260811
"377246",1,5,20260811
"3827771",1,5,20260811
"3830083",1,5,20260811
"3830114",1,5,20260811
"3830130",1,5,20260811
"3831054",1,5,20260811
"3854950",1,5,20260811
"3855646",1,5,20260811
"3855675",1,5,20260811
"390845",1,5,20260811
"393017",1,5,20260811
"4057155",1,5,20260811
"4069854",1,5,20260811
"41263",1,5,20260811
"41418",1,5,20260811
"41484",1,5,20260811
"41660",1,5,20260811
"41686",1,5,20260811
"41800",1,5,20260811
"419150",1,5,20260811
"419380",1,5,20260811
"41948",1,5,20260811
"420125",1,5,20260811
"42076",1,5,20260811
"421064",1,5,20260811
"421337",1,5,20260811
"421340",1,5,20260811
"421442",1,5,20260811
"42174",1,5,20260811
"422005",1,5,20260811
"422181",1,5,20260811
"42274",1,5,20260811
"423143",1,5,20260811
"424673",1,5,20260811
"424689",1,5,20260811
"427520",1,5,20260811
"427918",1,5,20260811
"428988",1,5,20260811
"430174",1,5,20260811
"430433",1,5,20260811
"455538",1,5,20260811
"460689",1,5,20260811
"460960",1,5,20260811
"536162",1,5,20260811
"609368",1,5,20260811
"62256",1,5,20260811
"625454",1,5,20260811
"62576",1,5,20260811
"6387",1,5,20260811
"64869",1,5,20260811
"65315",1,5,20260811
"669426",1,5,20260811
"70761",1,5,20260811
"77205",1,5,20260811
"784135",1,5,20260811
"85244",1,5,20260811
"85599",1,5,20260811
"85685",1,5,20260811
"85786",1,5,20260811
"85899",1,5,20260811
"86783",1,5,20260811
"89242",1,5,20260811
"900613",1,5,20260811
"96638",1,5,20260811
"1047493",2,1,20260811
"1066279",2,1,20260811
"107131",2,1,20260811
"1093268",2,1,20260811
"1101307",2,1,20260811
"1290408",2,1,20260811
"1291474",2,1,20260811
"1298199",2,1,20260811
"1301796",2,1,20260811
"1301936",2,1,20260811
"1302304",2,1,20260811
"13396",2,1,20260811
"13728",2,1,20260811
"13954",2,1,20260811
"143067",2,1,20260811
"143808",2,1,20260811
"1439621",2,1,20260811
"14431",2,1,20260811
"1504972",2,1,20260811
"1507236",2,1,20260811
"15200",2,1,20260811
"1542708",2,1,20260811
"1637620",2,1,20260811
"1651705",2,1,20260811
"1672866",2,1,20260811
"1831374",2,1,20260811
"1838323",2,1,20260811
"19630",2,1,20260811
"1982528",2,1,20260811
"2031157",2,1,20260811
"20585",2,1,20260811
"2099196",2,1,20260811
"214589",2,1,20260811
"2163607",2,1,20260811
"217451",2,1,20260811
"217748",2,1,20260811
"218794",2,1,20260811
"2465",2,1,20260811
"2485913",2,1,20260811
"2487807",2,1,20260811
"294724",2,1,20260811
"294818",2,1,20260811
"295091",2,1,20260811
"295146",2,1,20260811
"295191",2,1,20260811
"295296",2,1,20260811
"31089",2,1,20260811
"321397",2,1,20260811
"321487",2,1,20260811
"321833",2,1,20260811
"323172",2,1,20260811
"326413",2,1,20260811
"342294",2,1,20260811
"345434",2,1,20260811
"353782",2,1,20260811
"355408",2,1,20260811
"355411",2,1,20260811
"3578390",2,1,20260811
"358060",2,1,20260811
"369670",2,1,20260811
"369679",2,1,20260811
"3826178",2,1,20260811
"3830034",2,1,20260811
"3830109",2,1,20260811
"3830130",2,1,20260811
"3830167",2,1,20260811
"3831054",2,1,20260811
"3848142",2,1,20260811
"3855110",2,1,20260811
"3864287",2,1,20260811
"3868700",2,1,20260811
"3868812",2,1,20260811
"392884",2,1,20260811
"393017",2,1,20260811
"4057155",2,1,20260811
"4059227",2,1,20260811
"4062993",2,1,20260811
"412956",2,1,20260811
"413317",2,1,20260811
"414940",2,1,20260811
"416396",2,1,20260811
"41709",2,1,20260811
"41804",2,1,20260811
"418273",2,1,20260811
"420071",2,1,20260811
"42083",2,1,20260811
"421018",2,1,20260811
"421340",2,1,20260811
"422983",2,1,20260811
"424673",2,1,20260811
"424689",2,1,20260811
"424702",2,1,20260811
"430048",2,1,20260811
"438163",2,1,20260811
"447647",2,1,20260811
"455538",2,1,20260811
"460693",2,1,20260811
"464211",2,1,20260811
"60900",2,1,20260811
"609448",2,1,20260811
"62150",2,1,20260811
"62526",2,1,20260811
"62603",2,1,20260811
"62627",2,1,20260811
"6387",2,1,20260811
"64869",2,1,20260811
"65315",2,1,20260811
"67055",2,1,20260811
"673831",2,1,20260811
"68460",2,1,20260811
"77310",2,1,20260811
"80662",2,1,20260811
"855587",2,1,20260811
"85587",2,1,20260811
"85599",2,1,20260811
"85646",2,1,20260811
"86230",2,1,20260811
"86954",2,1,20260811
"96495",2,1,20260811
"96638",2,1,20260811
"107017",2,2,20260811
"1079616",2,2,20260811
"1082612",2,2,20260811
"1210458",2,2,20260811
"1290414",2,2,20260811
"1295736",2,2,20260811
"1298211",2,2,20260811
"1300939",2,2,20260811
"13350",2,2,20260811
"13569",2,2,20260811
"1402346",2,2,20260811
"143989",2,2,20260811
"144880",2,2,20260811
"1478078",2,2,20260811
"15292",2,2,20260811
"1563726",2,2,20260811
"1630957",2,2,20260811
"1637606",2,2,20260811
"168060",2,2,20260811
"168924",2,2,20260811
"170744",2,2,20260811
"1766345",2,2,20260811
"1817540",2,2,20260811
"1823515",2,2,20260811
"2117143",2,2,20260811
"2151597",2,2,20260811
"2151603",2,2,20260811
"2167",2,2,20260811
"2201662",2,2,20260811
"220384",2,2,20260811
"222490",2,2,20260811
"222693",2,2,20260811
"2448313",2,2,20260811
"2460025",2,2,20260811
"2464631",2,2,20260811
"2484313",2,2,20260811
"2485043",2,2,20260811
"2485148",2,2,20260811
"2485260",2,2,20260811
"2485890",2,2,20260811
"2588632",2,2,20260811
"2588696",2,2,20260811
"2668072",2,2,20260811
"292703",2,2,20260811
"294745",2,2,20260811
"294897",2,2,20260811
"295190",2,2,20260811
"320849",2,2,20260811
"321822",2,2,20260811
"342253",2,2,20260811
"342263",2,2,20260811
"373101",2,2,20260811
"376790",2,2,20260811
"3825285",2,2,20260811
"3826179",2,2,20260811
"3827748",2,2,20260811
"3827770",2,2,20260811
"3827774",2,2,20260811
"3830068",2,2,20260811
"3830128",2,2,20260811
"3830184",2,2,20260811
"3855646",2,2,20260811
"3855675",2,2,20260811
"3863186",2,2,20260811
"3865255",2,2,20260811
"3889",2,2,20260811
"3895",2,2,20260811
"392036",2,2,20260811
"392956",2,2,20260811
"393281",2,2,20260811
"393298",2,2,20260811
"4066585",2,2,20260811
"412450",2,2,20260811
"413235",2,2,20260811
"41418",2,2,20260811
"416019",2,2,20260811
"41660",2,2,20260811
"41669",2,2,20260811
"420158",2,2,20260811
"42076",2,2,20260811
"421337",2,2,20260811
"422212",2,2,20260811
"42237",2,2,20260811
"422381",2,2,20260811
"42274",2,2,20260811
"423133",2,2,20260811
"423348",2,2,20260811
"423409",2,2,20260811
"4248",2,2,20260811
"429101",2,2,20260811
"429726",2,2,20260811
"430433",2,2,20260811
"438323",2,2,20260811
"450770",2,2,20260811
"454059",2,2,20260811
"458835",2,2,20260811
"471785",2,2,20260811
"480143",2,2,20260811
"609307",2,2,20260811
"664062",2,2,20260811
"665788",2,2,20260811
"670602",2,2,20260811
"70761",2,2,20260811
"743034",2,2,20260811
"77205",2,2,20260811
"77230",2,2,20260811
"83123",2,2,20260811
"85331",2,2,20260811
"855168",2,2,20260811
"85676",2,2,20260811
"85711",2,2,20260811
"85888",2,2,20260811
"86394",2,2,20260811
"87107",2,2,20260811
"878573",2,2,20260811
"89762",2,2,20260811
"909658",2,2,20260811
"92207",2,2,20260811
"97127",2,2,20260811
"984151",2,2,20260811
"1058137",2,3,20260811
"1064007",2,3,20260811
"106875",2,3,20260811
"107052",2,3,20260811
"107066",2,3,20260811
"107103",2,3,20260811
"108014",2,3,20260811
"1195398",2,3,20260811
"126114",2,3,20260811
"126308",2,3,20260811
"12867",2,3,20260811
"1296766",2,3,20260811
"130562",2,3,20260811
"1306534",2,3,20260811
"1311265",2,3,20260811
"1342417",2,3,20260811
"1343502",2,3,20260811
"13469",2,3,20260811
"1360815",2,3,20260811
"13767",2,3,20260811
"1393230",2,3,20260811
"14103",2,3,20260811
"143058",2,3,20260811
"1477994",2,3,20260811
"1491661",2,3,20260811
"1500224",2,3,20260811
"16122",2,3,20260811
"16262",2,3,20260811
"1630947",2,3,20260811
"1635496",2,3,20260811
"1635819",2,3,20260811
"1636586",2,3,20260811
"168524",2,3,20260811
"168912",2,3,20260811
"1766332",2,3,20260811
"1796426",2,3,20260811
"1812547",2,3,20260811
"1816016",2,3,20260811
"1816173",2,3,20260811
"19627",2,3,20260811
"20010",2,3,20260811
"20424",2,3,20260811
"2114149",2,3,20260811
"217385",2,3,20260811
"217754",2,3,20260811
"2200733",2,3,20260811
"220399",2,3,20260811
"2430154",2,3,20260811
"2450184",2,3,20260811
"2464236",2,3,20260811
"2484320",2,3,20260811
"2485915",2,3,20260811
"2588634",2,3,20260811
"2600794",2,3,20260811
"2620837",2,3,20260811
"292717",2,3,20260811
"294614",2,3,20260811
"294670",2,3,20260811
"294834",2,3,20260811
"295788",2,3,20260811
"342202",2,3,20260811
"342231",2,3,20260811
"342325",2,3,20260811
"3578468",2,3,20260811
"369564",2,3,20260811
"369673",2,3,20260811
"371007",2,3,20260811
"377165",2,3,20260811
"377276",2,3,20260811
"3827759",2,3,20260811
"3830083",2,3,20260811
"3830114",2,3,20260811
"3830162",2,3,20260811
"3830165",2,3,20260811
"3854950",2,3,20260811
"39359",2,3,20260811
"4057141",2,3,20260811
"4057142",2,3,20260811
"41471",2,3,20260811
"415066",2,3,20260811
"41542",2,3,20260811
"419150",2,3,20260811
"419380",2,3,20260811
"419525",2,3,20260811
"421064",2,3,20260811
"421747",2,3,20260811
"421749",2,3,20260811
"421919",2,3,20260811
"422181",2,3,20260811
"423200",2,3,20260811
"423673",2,3,20260811
"427520",2,3,20260811
"43154",2,3,20260811
"433740",2,3,20260811
"43789",2,3,20260811
"457982",2,3,20260811
"460689",2,3,20260811
"512731",2,3,20260811
"5131",2,3,20260811
"536162",2,3,20260811
"625454",2,3,20260811
"62633",2,3,20260811
"653215",2,3,20260811
"675238",2,3,20260811
"692904",2,3,20260811
"76718",2,3,20260811
"77331",2,3,20260811
"775",2,3,20260811
"80836",2,3,20260811
"85899",2,3,20260811
"86162",2,3,20260811
"86490",2,3,20260811
"86783",2,3,20260811
"87507",2,3,20260811
"876108",2,3,20260811
"877657",2,3,20260811
"909641",2,3,20260811
"916978",2,3,20260811
"96413",2,3,20260811
"96501",2,3,20260811
"103122",2,4,20260811
"1066175",2,4,20260811
"1081265",2,4,20260811
"1127595",2,4,20260811
"1193118",2,4,20260811
"1291739",2,4,20260811
"1295300",2,4,20260811
"1295755",2,4,20260811
"1296234",2,4,20260811
"1298205",2,4,20260811
"1301798",2,4,20260811
"1301802",2,4,20260811
"133128",2,4,20260811
"1410845",2,4,20260811
"143844",2,4,20260811
"1477928",2,4,20260811
"1541045",2,4,20260811
"1563730",2,4,20260811
"1586793",2,4,20260811
"1636202",2,4,20260811
"1642433",2,4,20260811
"1671946",2,4,20260811
"167864",2,4,20260811
"168614",2,4,20260811
"168928",2,4,20260811
"168939",2,4,20260811
"168945",2,4,20260811
"1700001",2,4,20260811
"1766370",2,4,20260811
"1799716",2,4,20260811
"1815932",2,4,20260811
"2011449",2,4,20260811
"20934",2,4,20260811
"2163596",2,4,20260811
"217562",2,4,20260811
"217726",2,4,20260811
"217743",2,4,20260811
"217777",2,4,20260811
"218554",2,4,20260811
"2485050",2,4,20260811
"2485920",2,4,20260811
"2586622",2,4,20260811
"2621094",2,4,20260811
"269000",2,4,20260811
"27001",2,4,20260811
"292907",2,4,20260811
"294705",2,4,20260811
"294881",2,4,20260811
"294910",2,4,20260811
"295261",2,4,20260811
"321614",2,4,20260811
"341985",2,4,20260811
"342090",2,4,20260811
"342218",2,4,20260811
"342374",2,4,20260811
"343215",2,4,20260811
"343376",2,4,20260811
"358886",2,4,20260811
"359354",2,4,20260811
"368747",2,4,20260811
"369682",2,4,20260811
"3826177",2,4,20260811
"3827762",2,4,20260811
"3830032",2,4,20260811
"3848815",2,4,20260811
"3881",2,4,20260811
"390845",2,4,20260811
"390866",2,4,20260811
"391994",2,4,20260811
"392959",2,4,20260811
"393205",2,4,20260811
"4057151",2,4,20260811
"4059217",2,4,20260811
"4069736",2,4,20260811
"4069854",2,4,20260811
"41263",2,4,20260811
"41484",2,4,20260811
"415173",2,4,20260811
"41686",2,4,20260811
"419152",2,4,20260811
"420125",2,4,20260811
"420213",2,4,20260811
"42066",2,4,20260811
"421442",2,4,20260811
"42174",2,4,20260811
"423671",2,4,20260811
"427258",2,4,20260811
"427918",2,4,20260811
"428988",2,4,20260811
"429247",2,4,20260811
"430154",2,4,20260811
"430174",2,4,20260811
"431424",2,4,20260811
"432043",2,4,20260811
"434148",2,4,20260811
"438770",2,4,20260811
"443483",2,4,20260811
"460142",2,4,20260811
"460960",2,4,20260811
"480914",2,4,20260811
"62114",2,4,20260811
"62221",2,4,20260811
"62576",2,4,20260811
"62587",2,4,20260811
"65038",2,4,20260811
"669426",2,4,20260811
"67929",2,4,20260811
"692876",2,4,20260811
"701166",2,4,20260811
"743023",2,4,20260811
"770285",2,4,20260811
"77534",2,4,20260811
"77587",2,4,20260811
"784135",2,4,20260811
"78690",2,4,20260811
"80506",2,4,20260811
"82710",2,4,20260811
"85637",2,4,20260811
"96458",2,4,20260811
"97487",2,4,20260811
"1066569",2,5,20260811
"106657",2,5,20260811
"106844",2,5,20260811
"107059",2,5,20260811
"126309",2,5,20260811
"1291472",2,5,20260811
"1293839",2,5,20260811
"1301800",2,5,20260811
"1302311",2,5,20260811
"13098",2,5,20260811
"13302",2,5,20260811
"13421",2,5,20260811
"1390242",2,5,20260811
"1390246",2,5,20260811
"1399978",2,5,20260811
"143023",2,5,20260811
"1437563",2,5,20260811
"1478148",2,5,20260811
"1507248",2,5,20260811
"1541043",2,5,20260811
"16004",2,5,20260811
"1642335",2,5,20260811
"1642486",2,5,20260811
"1649008",2,5,20260811
"1671942",2,5,20260811
"1673085",2,5,20260811
"168154",2,5,20260811
"168979",2,5,20260811
"169164",2,5,20260811
"170862",2,5,20260811
"1790751",2,5,20260811
"1815954",2,5,20260811
"1987795",2,5,20260811
"2163595",2,5,20260811
"2166",2,5,20260811
"2201664",2,5,20260811
"2448314",2,5,20260811
"2448315",2,5,20260811
"2464628",2,5,20260811
"2484301",2,5,20260811
"2601500",2,5,20260811
"2621166",2,5,20260811
"2668073",2,5,20260811
"294940",2,5,20260811
"295026",2,5,20260811
"305029",2,5,20260811
"30709",2,5,20260811
"321131",2,5,20260811
"321840",2,5,20260811
"342284",2,5,20260811
"342336",2,5,20260811
"358856",2,5,20260811
"367751",2,5,20260811
"367789",2,5,20260811
"373045",2,5,20260811
"376770",2,5,20260811
"376804",2,5,20260811
"377191",2,5,20260811
"377246",2,5,20260811
"3822784",2,5,20260811
"3825284",2,5,20260811
"3827757",2,5,20260811
"3827768",2,5,20260811
"3827771",2,5,20260811
"3830069",2,5,20260811
"3830198",2,5,20260811
"3830201",2,5,20260811
"3830206",2,5,20260811
"3849968",2,5,20260811
"3855090",2,5,20260811
"3863169",2,5,20260811
"390604",2,5,20260811
"391721",2,5,20260811
"41761",2,5,20260811
"41800",2,5,20260811
"41948",2,5,20260811
"419528",2,5,20260811
"422005",2,5,20260811
"423143",2,5,20260811
"424700",2,5,20260811
"427650",2,5,20260811
"428238",2,5,20260811
"429168",2,5,20260811
"430390",2,5,20260811
"431742",2,5,20260811
"433924",2,5,20260811
"438273",2,5,20260811
"438760",2,5,20260811
"450448",2,5,20260811
"471420",2,5,20260811
"4937014",2,5,20260811
"520702",2,5,20260811
"601577",2,5,20260811
"609368",2,5,20260811
"62256",2,5,20260811
"623960",2,5,20260811
"624629",2,5,20260811
"64873",2,5,20260811
"68052",2,5,20260811
"692864",2,5,20260811
"730613",2,5,20260811
"770505",2,5,20260811
"77128",2,5,20260811
"77246",2,5,20260811
"835884",2,5,20260811
"85244",2,5,20260811
"85465",2,5,20260811
"85685",2,5,20260811
"85741",2,5,20260811
"85786",2,5,20260811
"88809",2,5,20260811
"89242",2,5,20260811
"89491",2,5,20260811
"897095",2,5,20260811
"900613",2,5,20260811
"904516",2,5,20260811
"934019",2,5,20260811
"96619",2,5,20260811
"97120",2,5,20260811
"1064007",3,1,20260811
"107052",3,1,20260811
"108014",3,1,20260811
"1195398",3,1,20260811
"1290408",3,1,20260811
"1298199",3,1,20260811
"1300939",3,1,20260811
"1302311",3,1,20260811
"13302",3,1,20260811
"143058",3,1,20260811
"1439621",3,1,20260811
"1477994",3,1,20260811
"1478078",3,1,20260811
"1541043",3,1,20260811
"16004",3,1,20260811
"16122",3,1,20260811
"1637620",3,1,20260811
"1642486",3,1,20260811
"1649008",3,1,20260811
"1673085",3,1,20260811
"168524",3,1,20260811
"168924",3,1,20260811
"168939",3,1,20260811
"1700001",3,1,20260811
"170862",3,1,20260811
"1799716",3,1,20260811
"1823515",3,1,20260811
"1831374",3,1,20260811
"1987795",3,1,20260811
"20424",3,1,20260811
"214589",3,1,20260811
"2163595",3,1,20260811
"2163607",3,1,20260811
"217748",3,1,20260811
"217754",3,1,20260811
"2201664",3,1,20260811
"2448314",3,1,20260811
"2464631",3,1,20260811
"2485915",3,1,20260811
"2621166",3,1,20260811
"2668072",3,1,20260811
"294670",3,1,20260811
"294705",3,1,20260811
"294745",3,1,20260811
"295190",3,1,20260811
"295191",3,1,20260811
"30709",3,1,20260811
"321131",3,1,20260811
"321614",3,1,20260811
"326413",3,1,20260811
"341985",3,1,20260811
"342263",3,1,20260811
"342336",3,1,20260811
"355411",3,1,20260811
"358856",3,1,20260811
"369564",3,1,20260811
"369673",3,1,20260811
"377276",3,1,20260811
"3825284",3,1,20260811
"3826177",3,1,20260811
"3826178",3,1,20260811
"3827757",3,1,20260811
"3827762",3,1,20260811
"3830114",3,1,20260811
"3830162",3,1,20260811
"3830206",3,1,20260811
"3855110",3,1,20260811
"3863169",3,1,20260811
"3863186",3,1,20260811
"390845",3,1,20260811
"4057142",3,1,20260811
"4057151",3,1,20260811
"412956",3,1,20260811
"413317",3,1,20260811
"41484",3,1,20260811
"41542",3,1,20260811
"416396",3,1,20260811
"41709",3,1,20260811
"41761",3,1,20260811
"418273",3,1,20260811
"419150",3,1,20260811
"419152",3,1,20260811
"42076",3,1,20260811
"421064",3,1,20260811
"421340",3,1,20260811
"422181",3,1,20260811
"42237",3,1,20260811
"423143",3,1,20260811
"423348",3,1,20260811
"424702",3,1,20260811
"427520",3,1,20260811
"429101",3,1,20260811
"431424",3,1,20260811
"447647",3,1,20260811
"450770",3,1,20260811
"455538",3,1,20260811
"460693",3,1,20260811
"471785",3,1,20260811
"601577",3,1,20260811
"624629",3,1,20260811
"62526",3,1,20260811
"62603",3,1,20260811
"62633",3,1,20260811
"6387",3,1,20260811
"665788",3,1,20260811
"670602",3,1,20260811
"743034",3,1,20260811
"770285",3,1,20260811
"77331",3,1,20260811
"80506",3,1,20260811
"80662",3,1,20260811
"80836",3,1,20260811
"835884",3,1,20260811
"85646",3,1,20260811
"85685",3,1,20260811
"85711",3,1,20260811
"89762",3,1,20260811
"916978",3,1,20260811
"96501",3,1,20260811
"96638",3,1,20260811
"1066175",3,2,20260811
"1066279",3,2,20260811
"1066569",3,2,20260811
"106875",3,2,20260811
"1082612",3,2,20260811
"12867",3,2,20260811
"1291472",3,2,20260811
"1291739",3,2,20260811
"1295736",3,2,20260811
"1298211",3,2,20260811
"1301798",3,2,20260811
"13396",3,2,20260811
"13569",3,2,20260811
"1360815",3,2,20260811
"13728",3,2,20260811
"143067",3,2,20260811
"143989",3,2,20260811
"144880",3,2,20260811
"1477928",3,2,20260811
"1507236",3,2,20260811
"1542708",3,2,20260811
"16262",3,2,20260811
"1637606",3,2,20260811
"1642433",3,2,20260811
"1671942",3,2,20260811
"167864",3,2,20260811
"169164",3,2,20260811
"170744",3,2,20260811
"1816016",3,2,20260811
"1817540",3,2,20260811
"19630",3,2,20260811
"1982528",3,2,20260811
"20010",3,2,20260811
"20585",3,2,20260811
"2151597",3,2,20260811
"2163596",3,2,20260811
"2167",3,2,20260811
"218794",3,2,20260811
"2201662",3,2,20260811
"2450184",3,2,20260811
"2484301",3,2,20260811
"2484313",3,2,20260811
"2485148",3,2,20260811
"2485913",3,2,20260811
"2586622",3,2,20260811
"2588632",3,2,20260811
"2601500",3,2,20260811
"2621094",3,2,20260811
"292907",3,2,20260811
"294834",3,2,20260811
"294910",3,2,20260811
"294940",3,2,20260811
"295091",3,2,20260811
"295146",3,2,20260811
"321833",3,2,20260811
"323172",3,2,20260811
"342090",3,2,20260811
"342218",3,2,20260811
"342325",3,2,20260811
"3578468",3,2,20260811
"359354",3,2,20260811
"367751",3,2,20260811
"369670",3,2,20260811
"369682",3,2,20260811
"376790",3,2,20260811
"377246",3,2,20260811
"3825285",3,2,20260811
"3827770",3,2,20260811
"3830032",3,2,20260811
"3830128",3,2,20260811
"3830167",3,2,20260811
"3831054",3,2,20260811
"3855090",3,2,20260811
"3881",3,2,20260811
"393281",3,2,20260811
"4066585",3,2,20260811
"412450",3,2,20260811
"41669",3,2,20260811
"41804",3,2,20260811
"420213",3,2,20260811
"421018",3,2,20260811
"421337",3,2,20260811
"421749",3,2,20260811
"422381",3,2,20260811
"423200",3,2,20260811
"424673",3,2,20260811
"424689",3,2,20260811
"427650",3,2,20260811
"427918",3,2,20260811
"429168",3,2,20260811
"429247",3,2,20260811
"429726",3,2,20260811
"430048",3,2,20260811
"43154",3,2,20260811
"434148",3,2,20260811
"438163",3,2,20260811
"438273",3,2,20260811
"443483",3,2,20260811
"457982",3,2,20260811
"5131",3,2,20260811
"609368",3,2,20260811
"609448",3,2,20260811
"62256",3,2,20260811
"64873",3,2,20260811
"653215",3,2,20260811
"675238",3,2,20260811
"68052",3,2,20260811
"692904",3,2,20260811
"730613",3,2,20260811
"743023",3,2,20260811
"77230",3,2,20260811
"784135",3,2,20260811
"85244",3,2,20260811
"86394",3,2,20260811
"86783",3,2,20260811
"876108",3,2,20260811
"88809",3,2,20260811
"89242",3,2,20260811
"97120",3,2,20260811
"97487",3,2,20260811
"1047493",3,3,20260811
"107103",3,3,20260811
"1079616",3,3,20260811
"1093268",3,3,20260811
"126114",3,3,20260811
"1295755",3,3,20260811
"1296234",3,3,20260811
"1301936",3,3,20260811
"13098",3,3,20260811
"1311265",3,3,20260811
"13421",3,3,20260811
"13469",3,3,20260811
"13767",3,3,20260811
"1500224",3,3,20260811
"15200",3,3,20260811
"1563726",3,3,20260811
"1630947",3,3,20260811
"1630957",3,3,20260811
"1635496",3,3,20260811
"1636586",3,3,20260811
"1642335",3,3,20260811
"1651705",3,3,20260811
"168912",3,3,20260811
"168945",3,3,20260811
"1766332",3,3,20260811
"1796426",3,3,20260811
"1815932",3,3,20260811
"1815954",3,3,20260811
"1816173",3,3,20260811
"2011449",3,3,20260811
"2031157",3,3,20260811
"2099196",3,3,20260811
"2114149",3,3,20260811
"2151603",3,3,20260811
"217451",3,3,20260811
"217562",3,3,20260811
"217777",3,3,20260811
"2200733",3,3,20260811
"222490",3,3,20260811
"2430154",3,3,20260811
"2448315",3,3,20260811
"2485920",3,3,20260811
"2588634",3,3,20260811
"2668073",3,3,20260811
"292717",3,3,20260811
"294881",3,3,20260811
"295296",3,3,20260811
"295788",3,3,20260811
"320849",3,3,20260811
"342202",3,3,20260811
"342253",3,3,20260811
"342284",3,3,20260811
"342374",3,3,20260811
"343376",3,3,20260811
"353782",3,3,20260811
"358060",3,3,20260811
"358886",3,3,20260811
"376770",3,3,20260811
"3826179",3,3,20260811
"3830069",3,3,20260811
"3830184",3,3,20260811
"3849968",3,3,20260811
"3854950",3,3,20260811
"3855646",3,3,20260811
"3865255",3,3,20260811
"3868700",3,3,20260811
"3895",3,3,20260811
"390866",3,3,20260811
"392884",3,3,20260811
"392956",3,3,20260811
"393017",3,3,20260811
"39359",3,3,20260811
"4057155",3,3,20260811
"4069854",3,3,20260811
"41660",3,3,20260811
"41948",3,3,20260811
"421747",3,3,20260811
"422005",3,3,20260811
"423133",3,3,20260811
"423409",3,3,20260811
"423673",3,3,20260811
"4248",3,3,20260811
"428988",3,3,20260811
"430174",3,3,20260811
"430390",3,3,20260811
"431742",3,3,20260811
"433740",3,3,20260811
"454059",3,3,20260811
"458835",3,3,20260811
"460142",3,3,20260811
"464211",3,3,20260811
"480143",3,3,20260811
"4937014",3,3,20260811
"536162",3,3,20260811
"60900",3,3,20260811
"62150",3,3,20260811
"62221",3,3,20260811
"62627",3,3,20260811
"65315",3,3,20260811
"664062",3,3,20260811
"669426",3,3,20260811
"67929",3,3,20260811
"692864",3,3,20260811
"692876",3,3,20260811
"77205",3,3,20260811
"77246",3,3,20260811
"775",3,3,20260811
"77534",3,3,20260811
"85465",3,3,20260811
"85587",3,3,20260811
"85741",3,3,20260811
"86162",3,3,20260811
"86230",3,3,20260811
"86490",3,3,20260811
"877657",3,3,20260811
"900613",3,3,20260811
"904516",3,3,20260811
"909641",3,3,20260811
"909658",3,3,20260811
"96413",3,3,20260811
"103122",3,4,20260811
"1058137",3,4,20260811
"107017",3,4,20260811
"107066",3,4,20260811
"1081265",3,4,20260811
"1127595",3,4,20260811
"1210458",3,4,20260811
"1291474",3,4,20260811
"1296766",3,4,20260811
"1298205",3,4,20260811
"1301796",3,4,20260811
"1301800",3,4,20260811
"1301802",3,4,20260811
"1302304",3,4,20260811
"130562",3,4,20260811
"1306534",3,4,20260811
"133128",3,4,20260811
"1342417",3,4,20260811
"1390246",3,4,20260811
"1393230",3,4,20260811
"13954",3,4,20260811
"1399978",3,4,20260811
"14103",3,4,20260811
"143023",3,4,20260811
"143808",3,4,20260811
"143844",3,4,20260811
"14431",3,4,20260811
"1504972",3,4,20260811
"1541045",3,4,20260811
"1563730",3,4,20260811
"1635819",3,4,20260811
"168060",3,4,20260811
"168154",3,4,20260811
"168614",3,4,20260811
"168979",3,4,20260811
"1766370",3,4,20260811
"1838323",3,4,20260811
"20934",3,4,20260811
"2166",3,4,20260811
"217385",3,4,20260811
"217743",3,4,20260811
"218554",3,4,20260811
"220399",3,4,20260811
"222693",3,4,20260811
"2460025",3,4,20260811
"2465",3,4,20260811
"2484320",3,4,20260811
"2485043",3,4,20260811
"2485050",3,4,20260811
"2485890",3,4,20260811
"2588696",3,4,20260811
"2600794",3,4,20260811
"2620837",3,4,20260811
"27001",3,4,20260811
"292703",3,4,20260811
"294818",3,4,20260811
"342231",3,4,20260811
"343215",3,4,20260811
"355408",3,4,20260811
"367789",3,4,20260811
"371007",3,4,20260811
"373045",3,4,20260811
"376804",3,4,20260811
"3822784",3,4,20260811
"3827748",3,4,20260811
"3827768",3,4,20260811
"3827771",3,4,20260811
"3827774",3,4,20260811
"3830034",3,4,20260811
"3830068",3,4,20260811
"3830083",3,4,20260811
"3830130",3,4,20260811
"3830198",3,4,20260811
"393205",3,4,20260811
"4057141",3,4,20260811
"4059217",3,4,20260811
"41263",3,4,20260811
"41418",3,4,20260811
"41471",3,4,20260811
"416019",3,4,20260811
"419380",3,4,20260811
"419525",3,4,20260811
"419528",3,4,20260811
"420125",3,4,20260811
"421442",3,4,20260811
"42174",3,4,20260811
"421919",3,4,20260811
"42274",3,4,20260811
"422983",3,4,20260811
"424700",3,4,20260811
"428238",3,4,20260811
"430433",3,4,20260811
"432043",3,4,20260811
"438323",3,4,20260811
"460689",3,4,20260811
"460960",3,4,20260811
"471420",3,4,20260811
"512731",3,4,20260811
"520702",3,4,20260811
"609307",3,4,20260811
"623960",3,4,20260811
"62587",3,4,20260811
"701166",3,4,20260811
"77128",3,4,20260811
"77310",3,4,20260811
"83123",3,4,20260811
"85331",3,4,20260811
"855168",3,4,20260811
"85599",3,4,20260811
"85637",3,4,20260811
"85676",3,4,20260811
"87107",3,4,20260811
"878573",3,4,20260811
"89491",3,4,20260811
"934019",3,4,20260811
"96458",3,4,20260811
"96495",3,4,20260811
"96619",3,4,20260811
"97127",3,4,20260811
"984151",3,4,20260811
"106657",3,5,20260811
"106844",3,5,20260811
"107059",3,5,20260811
"107131",3,5,20260811
"1101307",3,5,20260811
"1193118",3,5,20260811
"126308",3,5,20260811
"126309",3,5,20260811
"1290414",3,5,20260811
"1293839",3,5,20260811
"1295300",3,5,20260811
"13350",3,5,20260811
"1343502",3,5,20260811
"1390242",3,5,20260811
"1402346",3,5,20260811
"1410845",3,5,20260811
"1437563",3,5,20260811
"1478148",3,5,20260811
"1491661",3,5,20260811
"1507248",3,5,20260811
"15292",3,5,20260811
"1586793",3,5,20260811
"1636202",3,5,20260811
"1671946",3,5,20260811
"1672866",3,5,20260811
"168928",3,5,20260811
"1766345",3,5,20260811
"1790751",3,5,20260811
"1812547",3,5,20260811
"19627",3,5,20260811
"2117143",3,5,20260811
"217726",3,5,20260811
"220384",3,5,20260811
"2448313",3,5,20260811
"2464236",3,5,20260811
"2464628",3,5,20260811
"2485260",3,5,20260811
"2487807",3,5,20260811
"269000",3,5,20260811
"294614",3,5,20260811
"294724",3,5,20260811
"294897",3,5,20260811
"295026",3,5,20260811
"295261",3,5,20260811
"305029",3,5,20260811
"31089",3,5,20260811
"321397",3,5,20260811
"321487",3,5,20260811
"321822",3,5,20260811
"321840",3,5,20260811
"342294",3,5,20260811
"345434",3,5,20260811
"3578390",3,5,20260811
"368747",3,5,20260811
"369679",3,5,20260811
"373101",3,5,20260811
"377165",3,5,20260811
"377191",3,5,20260811
"3827759",3,5,20260811
"3830109",3,5,20260811
"3830165",3,5,20260811
"3830201",3,5,20260811
"3848142",3,5,20260811
"3848815",3,5,20260811
"3855675",3,5,20260811
"3864287",3,5,20260811
"3868812",3,5,20260811
"3889",3,5,20260811
"390604",3,5,20260811
"391721",3,5,20260811
"391994",3,5,20260811
"392036",3,5,20260811
"392959",3,5,20260811
"393298",3,5,20260811
"4059227",3,5,20260811
"4062993",3,5,20260811
"4069736",3,5,20260811
"413235",3,5,20260811
"414940",3,5,20260811
"415066",3,5,20260811
"415173",3,5,20260811
"41686",3,5,20260811
"41800",3,5,20260811
"420071",3,5,20260811
"420158",3,5,20260811
"42066",3,5,20260811
"42083",3,5,20260811
"422212",3,5,20260811
"423671",3,5,20260811
"427258",3,5,20260811
"430154",3,5,20260811
"433924",3,5,20260811
"43789",3,5,20260811
"438760",3,5,20260811
"438770",3,5,20260811
"450448",3,5,20260811
"480914",3,5,20260811
"62114",3,5,20260811
"625454",3,5,20260811
"62576",3,5,20260811
"64869",3,5,20260811
"65038",3,5,20260811
"67055",3,5,20260811
"673831",3,5,20260811
"68460",3,5,20260811
"70761",3,5,20260811
"76718",3,5,20260811
"770505",3,5,20260811
"77587",3,5,20260811
"78690",3,5,20260811
"82710",3,5,20260811
"855587",3,5,20260811
"85786",3,5,20260811
"85888",3,5,20260811
"85899",3,5,20260811
"86954",3,5,20260811
"87507",3,5,20260811
"897095",3,5,20260811
"92207",3,5,20260811
"103122",4,1,20260811
"1058137",4,1,20260811
"1064007",4,1,20260811
"106844",4,1,20260811
"107052",4,1,20260811
"1079616",4,1,20260811
"1082612",4,1,20260811
"1127595",4,1,20260811
"1193118",4,1,20260811
"126308",4,1,20260811
"1295755",4,1,20260811
"1298199",4,1,20260811
"1301800",4,1,20260811
"1301936",4,1,20260811
"13098",4,1,20260811
"13421",4,1,20260811
"1399978",4,1,20260811
"1402346",4,1,20260811
"1410845",4,1,20260811
"1478078",4,1,20260811
"16262",4,1,20260811
"1635819",4,1,20260811
"1636586",4,1,20260811
"1642486",4,1,20260811
"1671942",4,1,20260811
"1672866",4,1,20260811
"168060",4,1,20260811
"168154",4,1,20260811
"168524",4,1,20260811
"168912",4,1,20260811
"1766332",4,1,20260811
"1796426",4,1,20260811
"1823515",4,1,20260811
"20585",4,1,20260811
"2117143",4,1,20260811
"2151597",4,1,20260811
"2166",4,1,20260811
"217777",4,1,20260811
"2201664",4,1,20260811
"220399",4,1,20260811
"2450184",4,1,20260811
"2484301",4,1,20260811
"2484320",4,1,20260811
"2485890",4,1,20260811
"2485920",4,1,20260811
"2588632",4,1,20260811
"2600794",4,1,20260811
"294614",4,1,20260811
"294705",4,1,20260811
"294881",4,1,20260811
"295146",4,1,20260811
"321397",4,1,20260811
"321614",4,1,20260811
"321822",4,1,20260811
"342090",4,1,20260811
"342202",4,1,20260811
"355411",4,1,20260811
"369564",4,1,20260811
"373101",4,1,20260811
"376770",4,1,20260811
"376790",4,1,20260811
"3826177",4,1,20260811
"3827759",4,1,20260811
"3830032",4,1,20260811
"3830069",4,1,20260811
"3830130",4,1,20260811
"3830165",4,1,20260811
"3830198",4,1,20260811
"3830201",4,1,20260811
"3864287",4,1,20260811
"3865255",4,1,20260811
"3881",4,1,20260811
"390845",4,1,20260811
"391721",4,1,20260811
"391994",4,1,20260811
"392959",4,1,20260811
"393205",4,1,20260811
"4057141",4,1,20260811
"4057151",4,1,20260811
"4059227",4,1,20260811
"412956",4,1,20260811
"414940",4,1,20260811
"41686",4,1,20260811
"41761",4,1,20260811
"41804",4,1,20260811
"419152",4,1,20260811
"420125",4,1,20260811
"421442",4,1,20260811
"422212",4,1,20260811
"422381",4,1,20260811
"423143",4,1,20260811
"428988",4,1,20260811
"429247",4,1,20260811
"430390",4,1,20260811
"43154",4,1,20260811
"431742",4,1,20260811
"438770",4,1,20260811
"480143",4,1,20260811
"536162",4,1,20260811
"609448",4,1,20260811
"62526",4,1,20260811
"625454",4,1,20260811
"62603",4,1,20260811
"64869",4,1,20260811
"673831",4,1,20260811
"675238",4,1,20260811
"68052",4,1,20260811
"692876",4,1,20260811
"76718",4,1,20260811
"80836",4,1,20260811
"83123",4,1,20260811
"835884",4,1,20260811
"85741",4,1,20260811
"85888",4,1,20260811
"85899",4,1,20260811
"86954",4,1,20260811
"87507",4,1,20260811
"89242",4,1,20260811
"96619",4,1,20260811
"97127",4,1,20260811
"1066569",4,2,20260811
"107131",4,2,20260811
"1210458",4,2,20260811
"1295736",4,2,20260811
"1296234",4,2,20260811
"1301796",4,2,20260811
"1393230",4,2,20260811
"144880",4,2,20260811
"1477994",4,2,20260811
"1478148",4,2,20260811
"1563726",4,2,20260811
"1563730",4,2,20260811
"1671946",4,2,20260811
"168945",4,2,20260811
"168979",4,2,20260811
"1766345",4,2,20260811
"1790751",4,2,20260811
"19630",4,2,20260811
"2099196",4,2,20260811
"2163596",4,2,20260811
"2163607",4,2,20260811
"217748",4,2,20260811
"217754",4,2,20260811
"218554",4,2,20260811
"218794",4,2,20260811
"2464628",4,2,20260811
"2485260",4,2,20260811
"2485915",4,2,20260811
"2620837",4,2,20260811
"2668072",4,2,20260811
"269000",4,2,20260811
"292907",4,2,20260811
"295190",4,2,20260811
"295191",4,2,20260811
"295261",4,2,20260811
"305029",4,2,20260811
"30709",4,2,20260811
"321833",4,2,20260811
"326413",4,2,20260811
"342284",4,2,20260811
"342325",4,2,20260811
"342374",4,2,20260811
"343215",4,2,20260811
"345434",4,2,20260811
"358060",4,2,20260811
"359354",4,2,20260811
"371007",4,2,20260811
"373045",4,2,20260811
"377165",4,2,20260811
"377191",4,2,20260811
"3827770",4,2,20260811
"3830114",4,2,20260811
"3830128",4,2,20260811
"3848815",4,2,20260811
"3895",4,2,20260811
"390866",4,2,20260811
"393017",4,2,20260811
"39359",4,2,20260811
"4057142",4,2,20260811
"4069854",4,2,20260811
"412450",4,2,20260811
"413235",4,2,20260811
"41471",4,2,20260811
"415173",4,2,20260811
"41542",4,2,20260811
"416396",4,2,20260811
"41660",4,2,20260811
"41669",4,2,20260811
"421749",4,2,20260811
"421919",4,2,20260811
"422005",4,2,20260811
"422181",4,2,20260811
"424700",4,2,20260811
"4248",4,2,20260811
"427258",4,2,20260811
"429101",4,2,20260811
"430048",4,2,20260811
"430174",4,2,20260811
"431424",4,2,20260811
"432043",4,2,20260811
"43789",4,2,20260811
"438273",4,2,20260811
"443483",4,2,20260811
"460960",4,2,20260811
"480914",4,2,20260811
"512731",4,2,20260811
"5131",4,2,20260811
"601577",4,2,20260811
"60900",4,2,20260811
"609307",4,2,20260811
"609368",4,2,20260811
"62256",4,2,20260811
"623960",4,2,20260811
"62627",4,2,20260811
"653215",4,2,20260811
"664062",4,2,20260811
"701166",4,2,20260811
"743034",4,2,20260811
"77205",4,2,20260811
"77230",4,2,20260811
"77246",4,2,20260811
"78690",4,2,20260811
"82710",4,2,20260811
"85331",4,2,20260811
"855168",4,2,20260811
"855587",4,2,20260811
"85646",4,2,20260811
"86490",4,2,20260811
"86783",4,2,20260811
"87107",4,2,20260811
"877657",4,2,20260811
"878573",4,2,20260811
"88809",4,2,20260811
"89762",4,2,20260811
"900613",4,2,20260811
"904516",4,2,20260811
"92207",4,2,20260811
"934019",4,2,20260811
"96413",4,2,20260811
"984151",4,2,20260811
"1066175",4,3,20260811
"107066",4,3,20260811
"107103",4,3,20260811
"126114",4,3,20260811
"1290408",4,3,20260811
"1290414",4,3,20260811
"1293839",4,3,20260811
"1296766",4,3,20260811
"1298205",4,3,20260811
"1301802",4,3,20260811
"130562",4,3,20260811
"1311265",4,3,20260811
"13396",4,3,20260811
"1343502",4,3,20260811
"13469",4,3,20260811
"1360815",4,3,20260811
"13728",4,3,20260811
"1390246",4,3,20260811
"13954",4,3,20260811
"143058",4,3,20260811
"143844",4,3,20260811
"143989",4,3,20260811
"1477928",4,3,20260811
"1500224",4,3,20260811
"1507236",4,3,20260811
"15200",4,3,20260811
"16004",4,3,20260811
"16122",4,3,20260811
"1630957",4,3,20260811
"1635496",4,3,20260811
"1637620",4,3,20260811
"1642335",4,3,20260811
"1649008",4,3,20260811
"1673085",4,3,20260811
"170744",4,3,20260811
"170862",4,3,20260811
"1815954",4,3,20260811
"1816016",4,3,20260811
"1838323",4,3,20260811
"1982528",4,3,20260811
"2011449",4,3,20260811
"2167",4,3,20260811
"217385",4,3,20260811
"2200733",4,3,20260811
"220384",4,3,20260811
"222693",4,3,20260811
"2448314",4,3,20260811
"2460025",4,3,20260811
"2465",4,3,20260811
"2485043",4,3,20260811
"2485913",4,3,20260811
"2601500",4,3,20260811
"2621166",4,3,20260811
"294745",4,3,20260811
"294834",4,3,20260811
"295026",4,3,20260811
"295091",4,3,20260811
"295788",4,3,20260811
"320849",4,3,20260811
"321131",4,3,20260811
"323172",4,3,20260811
"341985",4,3,20260811
"342253",4,3,20260811
"342263",4,3,20260811
"3578390",4,3,20260811
"367789",4,3,20260811
"368747",4,3,20260811
"377246",4,3,20260811
"3827762",4,3,20260811
"3827771",4,3,20260811
"3830167",4,3,20260811
"3830206",4,3,20260811
"3855646",4,3,20260811
"3855675",4,3,20260811
"3889",4,3,20260811
"390604",4,3,20260811
"392956",4,3,20260811
"4059217",4,3,20260811
"4062993",4,3,20260811
"4069736",4,3,20260811
"41418",4,3,20260811
"41484",4,3,20260811
"41800",4,3,20260811
"419525",4,3,20260811
"420158",4,3,20260811
"42066",4,3,20260811
"421064",4,3,20260811
"421340",4,3,20260811
"42237",4,3,20260811
"42274",4,3,20260811
"423671",4,3,20260811
"450448",4,3,20260811
"450770",4,3,20260811
"454059",4,3,20260811
"460689",4,3,20260811
"464211",4,3,20260811
"471420",4,3,20260811
"62114",4,3,20260811
"624629",4,3,20260811
"62587",4,3,20260811
"62633",4,3,20260811
"665788",4,3,20260811
"67929",4,3,20260811
"68460",4,3,20260811
"692904",4,3,20260811
"770285",4,3,20260811
"77310",4,3,20260811
"77587",4,3,20260811
"784135",4,3,20260811
"80506",4,3,20260811
"85587",4,3,20260811
"85599",4,3,20260811
"85637",4,3,20260811
"85676",4,3,20260811
"85685",4,3,20260811
"85711",4,3,20260811
"86162",4,3,20260811
"86230",4,3,20260811
"86394",4,3,20260811
"876108",4,3,20260811
"1066279",4,4,20260811
"107017",4,4,20260811
"108014",4,4,20260811
"1081265",4,4,20260811
"1291472",4,4,20260811
"1291739",4,4,20260811
"1298211",4,4,20260811
"1300939",4,4,20260811
"1302311",4,4,20260811
"133128",4,4,20260811
"13350",4,4,20260811
"143023",4,4,20260811
"1437563",4,4,20260811
"143808",4,4,20260811
"1439621",4,4,20260811
"1504972",4,4,20260811
"1507248",4,4,20260811
"15292",4,4,20260811
"1541045",4,4,20260811
"1630947",4,4,20260811
"1636202",4,4,20260811
"1651705",4,4,20260811
"167864",4,4,20260811
"168614",4,4,20260811
"168924",4,4,20260811
"168939",4,4,20260811
"1700001",4,4,20260811
"1812547",4,4,20260811
"1816173",4,4,20260811
"1831374",4,4,20260811
"1987795",4,4,20260811
"20010",4,4,20260811
"2031157",4,4,20260811
"20424",4,4,20260811
"20934",4,4,20260811
"2114149",4,4,20260811
"214589",4,4,20260811
"2151603",4,4,20260811
"2163595",4,4,20260811
"217726",4,4,20260811
"222490",4,4,20260811
"2448315",4,4,20260811
"2464631",4,4,20260811
"2484313",4,4,20260811
"2485050",4,4,20260811
"2485148",4,4,20260811
"2487807",4,4,20260811
"2588634",4,4,20260811
"2621094",4,4,20260811
"2668073",4,4,20260811
"292703",4,4,20260811
"294670",4,4,20260811
"294897",4,4,20260811
"31089",4,4,20260811
"321487",4,4,20260811
"321840",4,4,20260811
"342218",4,4,20260811
"342231",4,4,20260811
"342294",4,4,20260811
"355408",4,4,20260811
"3578468",4,4,20260811
"358856",4,4,20260811
"369679",4,4,20260811
"369682",4,4,20260811
"376804",4,4,20260811
"3827748",4,4,20260811
"3827768",4,4,20260811
"3827774",4,4,20260811
"3830068",4,4,20260811
"3830109",4,4,20260811
"3830162",4,4,20260811
"3830184",4,4,20260811
"3831054",4,4,20260811
"3854950",4,4,20260811
"3855090",4,4,20260811
"3855110",4,4,20260811
"3863169",4,4,20260811
"3868700",4,4,20260811
"392036",4,4,20260811
"393281",4,4,20260811
"4066585",4,4,20260811
"415066",4,4,20260811
"416019",4,4,20260811
"41709",4,4,20260811
"419380",4,4,20260811
"42076",4,4,20260811
"421018",4,4,20260811
"421337",4,4,20260811
"42174",4,4,20260811
"421747",4,4,20260811
"422983",4,4,20260811
"423200",4,4,20260811
"423348",4,4,20260811
"427520",4,4,20260811
"428238",4,4,20260811
"429168",4,4,20260811
"430154",4,4,20260811
"430433",4,4,20260811
"433740",4,4,20260811
"434148",4,4,20260811
"438163",4,4,20260811
"455538",4,4,20260811
"457982",4,4,20260811
"458835",4,4,20260811
"460142",4,4,20260811
"4937014",4,4,20260811
"520702",4,4,20260811
"62150",4,4,20260811
"65315",4,4,20260811
"669426",4,4,20260811
"670602",4,4,20260811
"692864",4,4,20260811
"70761",4,4,20260811
"743023",4,4,20260811
"77534",4,4,20260811
"85244",4,4,20260811
"85465",4,4,20260811
"85786",4,4,20260811
"96458",4,4,20260811
"96501",4,4,20260811
"1047493",4,5,20260811
"106657",4,5,20260811
"106875",4,5,20260811
"107059",4,5,20260811
"1093268",4,5,20260811
"1101307",4,5,20260811
"1195398",4,5,20260811
"126309",4,5,20260811
"12867",4,5,20260811
"1291474",4,5,20260811
"1295300",4,5,20260811
"1301798",4,5,20260811
"1302304",4,5,20260811
"1306534",4,5,20260811
"13302",4,5,20260811
"1342417",4,5,20260811
"13569",4,5,20260811
"13767",4,5,20260811
"1390242",4,5,20260811
"14103",4,5,20260811
"143067",4,5,20260811
"14431",4,5,20260811
"1491661",4,5,20260811
"1541043",4,5,20260811
"1542708",4,5,20260811
"1586793",4,5,20260811
"1637606",4,5,20260811
"1642433",4,5,20260811
"168928",4,5,20260811
"169164",4,5,20260811
"1766370",4,5,20260811
"1799716",4,5,20260811
"1815932",4,5,20260811
"1817540",4,5,20260811
"19627",4,5,20260811
"217451",4,5,20260811
"217562",4,5,20260811
"217743",4,5,20260811
"2201662",4,5,20260811
"2430154",4,5,20260811
"2448313",4,5,20260811
"2464236",4,5,20260811
"2586622",4,5,20260811
"2588696",4,5,20260811
"27001",4,5,20260811
"292717",4,5,20260811
"294724",4,5,20260811
"294818",4,5,20260811
"294910",4,5,20260811
"294940",4,5,20260811
"295296",4,5,20260811
"342336",4,5,20260811
"343376",4,5,20260811
"353782",4,5,20260811
"358886",4,5,20260811
"367751",4,5,20260811
"369670",4,5,20260811
"369673",4,5,20260811
"377276",4,5,20260811
"3822784",4,5,20260811
"3825284",4,5,20260811
"3825285",4,5,20260811
"3826178",4,5,20260811
"3826179",4,5,20260811
"3827757",4,5,20260811
"3830034",4,5,20260811
"3830083",4,5,20260811
"3848142",4,5,20260811
"3849968",4,5,20260811
"3863186",4,5,20260811
"3868812",4,5,20260811
"392884",4,5,20260811
"393298",4,5,20260811
"4057155",4,5,20260811
"41263",4,5,20260811
"413317",4,5,20260811
"418273",4,5,20260811
"419150",4,5,20260811
"41948",4,5,20260811
"419528",4,5,20260811
"420071",4,5,20260811
"420213",4,5,20260811
"42083",4,5,20260811
"423133",4,5,20260811
"423409",4,5,20260811
"423673",4,5,20260811
"424673",4,5,20260811
"424689",4,5,20260811
"424702",4,5,20260811
"427650",4,5,20260811
"427918",4,5,20260811
"429726",4,5,20260811
"433924",4,5,20260811
"438323",4,5,20260811
"438760",4,5,20260811
"447647",4,5,20260811
"460693",4,5,20260811
"471785",4,5,20260811
"62221",4,5,20260811
"62576",4,5,20260811
"6387",4,5,20260811
"64873",4,5,20260811
"65038",4,5,20260811
"67055",4,5,20260811
"730613",4,5,20260811
"770505",4,5,20260811
"77128",4,5,20260811
"77331",4,5,20260811
"775",4,5,20260811
"80662",4,5,20260811
"89491",4,5,20260811
"897095",4,5,20260811
"909641",4,5,20260811
"909658",4,5,20260811
"916978",4,5,20260811
"96495",4,5,20260811
"96638",4,5,20260811
"97120",4,5,20260811
"97487",4,5,20260811
"1066279",5,1,20260811
"1082612",5,1,20260811
"1193118",5,1,20260811
"1210458",5,1,20260811
"126308",5,1,20260811
"1291474",5,1,20260811
"1291739",5,1,20260811
"1298211",5,1,20260811
"1306534",5,1,20260811
"13421",5,1,20260811
"13728",5,1,20260811
"1390242",5,1,20260811
"1399978",5,1,20260811
"1410845",5,1,20260811
"1437563",5,1,20260811
"143844",5,1,20260811
"1477928",5,1,20260811
"1478078",5,1,20260811
"1478148",5,1,20260811
"15292",5,1,20260811
"1541045",5,1,20260811
"1542708",5,1,20260811
"16004",5,1,20260811
"16122",5,1,20260811
"1636586",5,1,20260811
"1637620",5,1,20260811
"1671942",5,1,20260811
"167864",5,1,20260811
"168945",5,1,20260811
"170862",5,1,20260811
"1766332",5,1,20260811
"1766370",5,1,20260811
"1816173",5,1,20260811
"1831374",5,1,20260811
"1838323",5,1,20260811
"2011449",5,1,20260811
"2031157",5,1,20260811
"214589",5,1,20260811
"2151597",5,1,20260811
"2163596",5,1,20260811
"217562",5,1,20260811
"2448314",5,1,20260811
"2485920",5,1,20260811
"2620837",5,1,20260811
"2668073",5,1,20260811
"295261",5,1,20260811
"321397",5,1,20260811
"326413",5,1,20260811
"342090",5,1,20260811
"342253",5,1,20260811
"355411",5,1,20260811
"369564",5,1,20260811
"377246",5,1,20260811
"3827762",5,1,20260811
"3830034",5,1,20260811
"3830068",5,1,20260811
"3830114",5,1,20260811
"3830167",5,1,20260811
"3830198",5,1,20260811
"3848142",5,1,20260811
"3855090",5,1,20260811
"3855646",5,1,20260811
"391994",5,1,20260811
"392884",5,1,20260811
"392956",5,1,20260811
"392959",5,1,20260811
"393205",5,1,20260811
"4057151",5,1,20260811
"4062993",5,1,20260811
"4066585",5,1,20260811
"413317",5,1,20260811
"41418",5,1,20260811
"414940",5,1,20260811
"416019",5,1,20260811
"416396",5,1,20260811
"41660",5,1,20260811
"418273",5,1,20260811
"419152",5,1,20260811
"41948",5,1,20260811
"420071",5,1,20260811
"420125",5,1,20260811
"421340",5,1,20260811
"42174",5,1,20260811
"421747",5,1,20260811
"429168",5,1,20260811
"429726",5,1,20260811
"430154",5,1,20260811
"43154",5,1,20260811
"431742",5,1,20260811
"434148",5,1,20260811
"454059",5,1,20260811
"457982",5,1,20260811
"480143",5,1,20260811
"5131",5,1,20260811
"601577",5,1,20260811
"60900",5,1,20260811
"62526",5,1,20260811
"62587",5,1,20260811
"6387",5,1,20260811
"65038",5,1,20260811
"653215",5,1,20260811
"669426",5,1,20260811
"692876",5,1,20260811
"692904",5,1,20260811
"77310",5,1,20260811
"77331",5,1,20260811
"77587",5,1,20260811
"80506",5,1,20260811
"80836",5,1,20260811
"82710",5,1,20260811
"85244",5,1,20260811
"85741",5,1,20260811
"85899",5,1,20260811
"86954",5,1,20260811
"897095",5,1,20260811
"909658",5,1,20260811
"916978",5,1,20260811
"96495",5,1,20260811
"97127",5,1,20260811
"97487",5,1,20260811
"1066175",5,2,20260811
"106657",5,2,20260811
"106875",5,2,20260811
"107066",5,2,20260811
"1079616",5,2,20260811
"108014",5,2,20260811
"126309",5,2,20260811
"1293839",5,2,20260811
"1295736",5,2,20260811
"1296234",5,2,20260811
"1296766",5,2,20260811
"1301798",5,2,20260811
"1301800",5,2,20260811
"130562",5,2,20260811
"1343502",5,2,20260811
"1360815",5,2,20260811
"1390246",5,2,20260811
"14103",5,2,20260811
"143023",5,2,20260811
"143058",5,2,20260811
"14431",5,2,20260811
"144880",5,2,20260811
"1491661",5,2,20260811
"15200",5,2,20260811
"1563730",5,2,20260811
"1586793",5,2,20260811
"1630947",5,2,20260811
"1630957",5,2,20260811
"1635819",5,2,20260811
"1636202",5,2,20260811
"168154",5,2,20260811
"168928",5,2,20260811
"169164",5,2,20260811
"1700001",5,2,20260811
"1812547",5,2,20260811
"19627",5,2,20260811
"1982528",5,2,20260811
"20424",5,2,20260811
"20934",5,2,20260811
"2099196",5,2,20260811
"2163595",5,2,20260811
"2166",5,2,20260811
"217385",5,2,20260811
"217451",5,2,20260811
"217754",5,2,20260811
"2201662",5,2,20260811
"220384",5,2,20260811
"222490",5,2,20260811
"2448315",5,2,20260811
"2464236",5,2,20260811
"2465",5,2,20260811
"2484313",5,2,20260811
"2485148",5,2,20260811
"2487807",5,2,20260811
"2600794",5,2,20260811
"2621094",5,2,20260811
"2621166",5,2,20260811
"269000",5,2,20260811
"27001",5,2,20260811
"292717",5,2,20260811
"294614",5,2,20260811
"294670",5,2,20260811
"294724",5,2,20260811
"294818",5,2,20260811
"345434",5,2,20260811
"355408",5,2,20260811
"358060",5,2,20260811
"358856",5,2,20260811
"369673",5,2,20260811
"377191",5,2,20260811
"3825285",5,2,20260811
"3830069",5,2,20260811
"3830083",5,2,20260811
"3830201",5,2,20260811
"3848815",5,2,20260811
"3855110",5,2,20260811
"3868812",5,2,20260811
"4057141",5,2,20260811
"41542",5,2,20260811
"41686",5,2,20260811
"41761",5,2,20260811
"42083",5,2,20260811
"421064",5,2,20260811
"421442",5,2,20260811
"422212",5,2,20260811
"42274",5,2,20260811
"423671",5,2,20260811
"4248",5,2,20260811
"427258",5,2,20260811
"427650",5,2,20260811
"429247",5,2,20260811
"432043",5,2,20260811
"433740",5,2,20260811
"4937014",5,2,20260811
"536162",5,2,20260811
"609307",5,2,20260811
"609368",5,2,20260811
"62256",5,2,20260811
"62603",5,2,20260811
"675238",5,2,20260811
"68052",5,2,20260811
"68460",5,2,20260811
"70761",5,2,20260811
"743023",5,2,20260811
"77128",5,2,20260811
"77205",5,2,20260811
"77246",5,2,20260811
"784135",5,2,20260811
"78690",5,2,20260811
"85331",5,2,20260811
"855168",5,2,20260811
"85786",5,2,20260811
"877657",5,2,20260811
"89242",5,2,20260811
"900613",5,2,20260811
"904516",5,2,20260811
"92207",5,2,20260811
"96413",5,2,20260811
"96458",5,2,20260811
"96638",5,2,20260811
"103122",5,3,20260811
"107052",5,3,20260811
"1093268",5,3,20260811
"126114",5,3,20260811
"1290414",5,3,20260811
"1291472",5,3,20260811
"1295755",5,3,20260811
"1298205",5,3,20260811
"1302304",5,3,20260811
"133128",5,3,20260811
"1342417",5,3,20260811
"13569",5,3,20260811
"143989",5,3,20260811
"1477994",5,3,20260811
"1507236",5,3,20260811
"1507248",5,3,20260811
"1637606",5,3,20260811
"1642335",5,3,20260811
"1642486",5,3,20260811
"1672866",5,3,20260811
"168614",5,3,20260811
"1799716",5,3,20260811
"1823515",5,3,20260811
"1987795",5,3,20260811
"2114149",5,3,20260811
"2117143",5,3,20260811
"2151603",5,3,20260811
"2163607",5,3,20260811
"217743",5,3,20260811
"220399",5,3,20260811
"2484320",5,3,20260811
"2485050",5,3,20260811
"2485260",5,3,20260811
"2485915",5,3,20260811
"2588696",5,3,20260811
"2601500",5,3,20260811
"2668072",5,3,20260811
"292907",5,3,20260811
"294705",5,3,20260811
"294940",5,3,20260811
"295146",5,3,20260811
"31089",5,3,20260811
"320849",5,3,20260811
"321131",5,3,20260811
"321614",5,3,20260811
"341985",5,3,20260811
"342231",5,3,20260811
"342263",5,3,20260811
"359354",5,3,20260811
"367751",5,3,20260811
"369670",5,3,20260811
"369679",5,3,20260811
"376804",5,3,20260811
"377165",5,3,20260811
"3822784",5,3,20260811
"3826177",5,3,20260811
"3827770",5,3,20260811
"3827774",5,3,20260811
"3830109",5,3,20260811
"3830130",5,3,20260811
"3830165",5,3,20260811
"3830184",5,3,20260811
"3830206",5,3,20260811
"3855675",5,3,20260811
"3863169",5,3,20260811
"3863186",5,3,20260811
"3865255",5,3,20260811
"3868700",5,3,20260811
"3881",5,3,20260811
"3895",5,3,20260811
"392036",5,3,20260811
"393017",5,3,20260811
"393298",5,3,20260811
"4057142",5,3,20260811
"412956",5,3,20260811
"413235",5,3,20260811
"41471",5,3,20260811
"41804",5,3,20260811
"419380",5,3,20260811
"419528",5,3,20260811
"42066",5,3,20260811
"42076",5,3,20260811
"421337",5,3,20260811
"421749",5,3,20260811
"421919",5,3,20260811
"422005",5,3,20260811
"422181",5,3,20260811
"42237",5,3,20260811
"423133",5,3,20260811
"430174",5,3,20260811
"430433",5,3,20260811
"438163",5,3,20260811
"438323",5,3,20260811
"438760",5,3,20260811
"438770",5,3,20260811
"447647",5,3,20260811
"458835",5,3,20260811
"460142",5,3,20260811
"460693",5,3,20260811
"460960",5,3,20260811
"464211",5,3,20260811
"471420",5,3,20260811
"512731",5,3,20260811
"62150",5,3,20260811
"62221",5,3,20260811
"625454",5,3,20260811
"67055",5,3,20260811
"770505",5,3,20260811
"77230",5,3,20260811
"80662",5,3,20260811
"835884",5,3,20260811
"85637",5,3,20260811
"85685",5,3,20260811
"86783",5,3,20260811
"876108",5,3,20260811
"88809",5,3,20260811
"89762",5,3,20260811
"909641",5,3,20260811
"934019",5,3,20260811
"96501",5,3,20260811
"1064007",5,4,20260811
"106844",5,4,20260811
"107017",5,4,20260811
"107103",5,4,20260811
"1081265",5,4,20260811
"1127595",5,4,20260811
"12867",5,4,20260811
"1290408",5,4,20260811
"1301796",5,4,20260811
"1301802",5,4,20260811
"1302311",5,4,20260811
"13396",5,4,20260811
"13469",5,4,20260811
"13954",5,4,20260811
"1402346",5,4,20260811
"143067",5,4,20260811
"1439621",5,4,20260811
"1541043",5,4,20260811
"1642433",5,4,20260811
"1649008",5,4,20260811
"1671946",5,4,20260811
"168060",5,4,20260811
"168524",5,4,20260811
"168912",5,4,20260811
"168924",5,4,20260811
"168939",5,4,20260811
"170744",5,4,20260811
"1766345",5,4,20260811
"1790751",5,4,20260811
"1815932",5,4,20260811
"217726",5,4,20260811
"217777",5,4,20260811
"218554",5,4,20260811
"218794",5,4,20260811
"2430154",5,4,20260811
"2464628",5,4,20260811
"2485043",5,4,20260811
"2588634",5,4,20260811
"292703",5,4,20260811
"294834",5,4,20260811
"294897",5,4,20260811
"295026",5,4,20260811
"295091",5,4,20260811
"295191",5,4,20260811
"305029",5,4,20260811
"30709",5,4,20260811
"321822",5,4,20260811
"323172",5,4,20260811
"342202",5,4,20260811
"342336",5,4,20260811
"343376",5,4,20260811
"353782",5,4,20260811
"358886",5,4,20260811
"367789",5,4,20260811
"368747",5,4,20260811
"376770",5,4,20260811
"376790",5,4,20260811
"3827757",5,4,20260811
"3827768",5,4,20260811
"3827771",5,4,20260811
"3830032",5,4,20260811
"3830162",5,4,20260811
"3831054",5,4,20260811
"3854950",5,4,20260811
"3864287",5,4,20260811
"3889",5,4,20260811
"390604",5,4,20260811
"390845",5,4,20260811
"391721",5,4,20260811
"393281",5,4,20260811
"39359",5,4,20260811
"4057155",5,4,20260811
"4059227",5,4,20260811
"4069736",5,4,20260811
"412450",5,4,20260811
"41263",5,4,20260811
"41484",5,4,20260811
"415173",5,4,20260811
"41669",5,4,20260811
"41800",5,4,20260811
"419525",5,4,20260811
"420213",5,4,20260811
"421018",5,4,20260811
"422983",5,4,20260811
"423143",5,4,20260811
"423200",5,4,20260811
"423348",5,4,20260811
"423409",5,4,20260811
"423673",5,4,20260811
"424689",5,4,20260811
"424700",5,4,20260811
"427918",5,4,20260811
"428988",5,4,20260811
"429101",5,4,20260811
"431424",5,4,20260811
"433924",5,4,20260811
"438273",5,4,20260811
"443483",5,4,20260811
"450448",5,4,20260811
"609448",5,4,20260811
"623960",5,4,20260811
"62633",5,4,20260811
"664062",5,4,20260811
"67929",5,4,20260811
"743034",5,4,20260811
"770285",5,4,20260811
"775",5,4,20260811
"77534",5,4,20260811
"83123",5,4,20260811
"85587",5,4,20260811
"85599",5,4,20260811
"85676",5,4,20260811
"85711",5,4,20260811
"85888",5,4,20260811
"86230",5,4,20260811
"86394",5,4,20260811
"86490",5,4,20260811
"87507",5,4,20260811
"878573",5,4,20260811
"97120",5,4,20260811
"1047493",5,5,20260811
"1058137",5,5,20260811
"1066569",5,5,20260811
"107059",5,5,20260811
"107131",5,5,20260811
"1101307",5,5,20260811
"1195398",5,5,20260811
"1295300",5,5,20260811
"1298199",5,5,20260811
"1300939",5,5,20260811
"1301936",5,5,20260811
"13098",5,5,20260811
"1311265",5,5,20260811
"13302",5,5,20260811
"13350",5,5,20260811
"13767",5,5,20260811
"1393230",5,5,20260811
"143808",5,5,20260811
"1500224",5,5,20260811
"1504972",5,5,20260811
"1563726",5,5,20260811
"16262",5,5,20260811
"1635496",5,5,20260811
"1651705",5,5,20260811
"1673085",5,5,20260811
"168979",5,5,20260811
"1796426",5,5,20260811
"1815954",5,5,20260811
"1816016",5,5,20260811
"1817540",5,5,20260811
"19630",5,5,20260811
"20010",5,5,20260811
"20585",5,5,20260811
"2167",5,5,20260811
"217748",5,5,20260811
"2200733",5,5,20260811
"2201664",5,5,20260811
"222693",5,5,20260811
"2448313",5,5,20260811
"2450184",5,5,20260811
"2460025",5,5,20260811
"2464631",5,5,20260811
"2484301",5,5,20260811
"2485890",5,5,20260811
"2485913",5,5,20260811
"2586622",5,5,20260811
"2588632",5,5,20260811
"294745",5,5,20260811
"294881",5,5,20260811
"294910",5,5,20260811
"295190",5,5,20260811
"295296",5,5,20260811
"295788",5,5,20260811
"321487",5,5,20260811
"321833",5,5,20260811
"321840",5,5,20260811
"342218",5,5,20260811
"342284",5,5,20260811
"342294",5,5,20260811
"342325",5,5,20260811
"342374",5,5,20260811
"343215",5,5,20260811
"3578390",5,5,20260811
"3578468",5,5,20260811
"369682",5,5,20260811
"371007",5,5,20260811
"373045",5,5,20260811
"373101",5,5,20260811
"377276",5,5,20260811
"3825284",5,5,20260811
"3826178",5,5,20260811
"3826179",5,5,20260811
"3827748",5,5,20260811
"3827759",5,5,20260811
"3830128",5,5,20260811
"3849968",5,5,20260811
"390866",5,5,20260811
"4059217",5,5,20260811
"4069854",5,5,20260811
"415066",5,5,20260811
"41709",5,5,20260811
"419150",5,5,20260811
"420158",5,5,20260811
"422381",5,5,20260811
"424673",5,5,20260811
"424702",5,5,20260811
"427520",5,5,20260811
"428238",5,5,20260811
"430048",5,5,20260811
"430390",5,5,20260811
"43789",5,5,20260811
"450770",5,5,20260811
"455538",5,5,20260811
"460689",5,5,20260811
"471785",5,5,20260811
"480914",5,5,20260811
"520702",5,5,20260811
"62114",5,5,20260811
"624629",5,5,20260811
"62576",5,5,20260811
"62627",5,5,20260811
"64869",5,5,20260811
"64873",5,5,20260811
"65315",5,5,20260811
"665788",5,5,20260811
"670602",5,5,20260811
"673831",5,5,20260811
"692864",5,5,20260811
"701166",5,5,20260811
"730613",5,5,20260811
"76718",5,5,20260811
"85465",5,5,20260811
"855587",5,5,20260811
"85646",5,5,20260811
"86162",5,5,20260811
"87107",5,5,20260811
"89491",5,5,20260811
"96619",5,5,20260811
"984151",5,5,20260811
